名字,姓氏,MVP,FMVP,总冠军,最佳防守球员,最佳新秀,得分王,篮板王,助攻王,抢断王,盖帽王,上场时间王,最佳一阵,最佳二阵,最佳三阵,防一阵,防二阵,最佳第六人,进步最快,新秀一阵,新秀二阵,荣誉总计
Kobe,Bryant,5,7,10,0,0,6,0,0,1,0,3,15,3,1,11,7,0,0,0,1,60
Tim,Duncan,3,2,2,5,1,0,2,0,0,7,0,12,3,3,16,2,0,0,1,0,57
Michael,Jordan,5,6,6,1,1,10,0,0,3,0,2,10,1,0,9,0,0,0,1,0,49
Wilt,Chamberlain,4,1,2,0,1,7,11,0,0,0,9,7,3,0,2,0,0,0,0,0,45
Kareem,Abdul-Jabbar,6,2,3,0,1,2,1,0,0,4,0,10,5,0,5,6,0,0,1,0,43
Chris,Paul,2,0,4,0,1,0,0,8,6,0,2,5,5,1,2,5,0,0,1,0,38
LeBron,James,5,2,2,0,1,1,0,0,0,0,1,17,3,0,2,2,0,0,1,0,35
Hakeem,Olajuwon,1,2,2,2,0,0,2,0,0,3,0,6,3,3,5,4,0,0,1,0,32
Dwyane,Wade,0,0,0,0,0,0,0,0,3,0,0,3,6,1,12,3,0,0,1,0,29
Shaquille,O'Neal,1,3,6,0,1,2,0,0,0,0,0,7,3,5,0,4,0,0,1,0,27
Derrick,Rose,2,0,0,0,1,1,0,3,1,0,4,5,3,6,0,0,0,0,1,0,27
John,Stockton,0,0,0,0,0,0,0,9,2,0,0,2,6,3,0,5,0,0,0,0,27
Kevin,Durant,1,0,0,0,1,1,0,0,0,0,1,2,8,4,1,5,0,0,1,0,25
Dwight,Howard,0,0,0,2,1,0,1,0,0,0,0,6,1,3,7,3,0,0,1,0,25
Jason,Kidd,0,0,0,0,1,0,0,3,3,0,0,5,2,1,3,6,0,0,1,0,25
David,Robinson,1,0,0,1,1,1,1,0,0,1,0,4,2,4,4,4,0,0,1,0,25
Anthony,Davis,0,0,0,0,1,0,0,0,0,2,0,3,5,2,8,2,0,0,1,0,24
Kevin,Garnett,0,0,0,0,0,0,4,0,0,0,0,4,8,1,4,2,0,0,0,1,24
John,Havlicek,0,1,7,0,0,0,0,0,0,0,2,4,7,0,5,3,0,0,1,0,23
Magic,Johnson,3,3,5,0,0,0,0,4,2,0,0,9,1,0,0,0,0,0,1,0,23
Bill,Russell,5,0,11,0,0,0,5,0,0,0,1,3,8,0,1,0,0,0,0,0,23
Larry,Bird,3,2,3,0,1,0,0,0,0,0,2,9,1,0,0,3,0,0,1,0,22
Moses,Malone,3,1,1,0,0,0,6,0,0,0,2,4,4,0,1,1,0,0,0,0,22
Oscar,Robertson,1,0,1,0,1,1,0,7,0,0,1,9,2,0,0,0,0,0,0,0,22
Ming,Yao,0,0,0,0,1,0,3,0,0,2,0,3,5,3,1,3,0,0,1,0,22
Elton,Brand,0,0,0,0,1,0,1,0,0,1,0,0,5,4,1,6,1,0,1,0,21
Bob,Cousy,1,0,6,0,0,0,0,8,0,0,0,10,2,0,0,0,0,0,0,0,21
Karl,Malone,2,0,0,0,0,0,0,0,0,0,0,11,2,1,3,1,0,0,1,0,21
Gary,Payton,0,0,0,1,0,0,0,0,1,0,0,2,5,2,9,0,0,0,0,1,21
Jerry,West,0,1,2,0,0,1,0,1,0,0,0,10,2,0,4,1,0,0,0,0,20
James,Harden,0,1,1,0,0,5,0,1,0,0,1,6,0,3,0,1,0,0,1,0,19
Allen,Iverson,1,0,0,0,1,3,0,0,2,0,3,5,2,1,0,0,0,0,1,0,19
Dikembe,Mutombo,0,0,0,4,0,0,2,0,0,3,0,0,1,2,3,3,0,0,1,0,19
Dennis,Rodman,0,0,5,2,0,0,7,0,0,0,0,0,0,2,7,1,0,0,0,0,19
Giannis,Antetokounmpo,0,1,1,5,0,0,0,0,0,0,0,0,1,4,6,0,0,0,1,0,18
Andrei,Kirilenko,0,0,0,3,0,0,0,0,2,2,0,0,0,0,6,4,0,0,1,0,18
Scottie,Pippen,0,0,6,0,0,0,0,0,1,0,0,3,2,2,8,2,0,0,0,0,18
Chris,Bosh,0,0,1,0,0,0,0,0,0,0,1,2,2,5,2,4,0,0,1,0,17
Paul,George,0,0,1,0,0,0,0,0,0,0,0,0,4,1,9,2,0,0,0,0,16
Bob,Pettit,2,0,1,0,1,2,0,0,0,0,0,10,1,0,0,0,0,0,0,0,16
Stephen,Curry,0,0,0,0,1,1,0,1,0,0,0,3,4,4,0,0,0,0,1,0,15
Tracy,McGrady,0,0,0,0,0,4,0,0,0,0,0,1,5,4,0,1,0,0,0,0,15
Ben,Wallace,0,0,0,4,0,0,2,0,0,1,0,0,0,2,4,2,0,0,0,0,15
Carmelo,Anthony,1,2,2,0,0,0,0,0,0,0,0,4,3,3,0,0,0,0,1,0,14
Charles,Barkley,1,0,0,0,0,0,1,0,0,0,0,5,5,1,0,0,0,0,1,0,14
DeMarcus,Cousins,0,0,0,0,0,0,0,0,0,0,0,5,4,2,1,1,0,0,1,0,14
Walt,Frazier,0,0,2,0,0,0,0,0,0,0,0,4,2,0,7,0,0,0,1,0,14
Elvin,Hayes,0,0,0,0,0,1,2,0,0,0,2,3,3,0,0,2,0,0,1,0,14
Chris,Webber,0,0,0,0,1,0,1,0,0,0,0,1,4,3,1,1,0,0,1,0,13
Patrick,Ewing,0,0,0,0,1,0,0,0,0,0,0,1,6,0,0,3,0,0,1,0,12
Dennis,Johnson,0,1,3,0,0,0,0,0,0,0,0,1,1,0,6,3,0,0,0,0,12
Sidney,Moncrief,0,0,0,2,0,0,0,0,0,0,0,1,4,0,4,1,0,0,0,0,12
Joakim,Noah,0,0,0,3,0,0,1,0,0,0,0,1,0,1,5,1,0,0,0,0,12
Adolph,Schayes,0,0,1,0,0,0,0,0,0,0,0,6,6,0,0,0,0,0,0,0,12
Ben,Simmons,1,1,1,0,1,0,0,0,0,0,0,2,0,2,1,3,0,0,1,0,12
Karl-Anthony,Towns,0,0,0,0,1,0,2,0,0,0,0,2,2,2,1,1,0,0,1,0,12
Rick,Barry,0,1,1,0,1,1,0,0,1,0,0,5,1,0,0,0,0,0,1,0,11
Elgin,Baylor,0,0,0,0,1,0,0,0,0,0,0,10,0,0,0,0,0,0,0,0,11
Mark,Eaton,0,0,0,2,0,0,0,0,0,4,0,0,0,0,3,2,0,0,0,0,11
George,Gervin,0,0,0,0,0,4,0,0,0,0,0,5,2,0,0,0,0,0,0,0,11
George,Mikan,0,0,5,0,0,3,2,0,0,0,0,6,0,0,0,0,0,0,0,0,11
Willis,Reed,1,2,2,0,1,0,0,0,0,0,0,1,4,0,1,0,0,0,1,0,11
Alvin,Robertson,0,0,0,1,0,0,0,0,3,0,0,0,1,0,2,4,0,0,0,0,11
Russell,Westbrook,0,0,0,0,0,0,0,0,1,0,0,0,3,3,1,2,1,0,0,0,11
Ron,Artest,0,0,0,0,0,0,0,0,0,0,0,0,0,0,4,5,0,0,0,1,10
Lonzo,Ball,0,0,0,0,1,0,0,4,1,0,0,0,0,0,1,2,0,0,1,0,10
Joe,Dumars,0,1,2,0,0,0,0,0,0,0,0,0,1,2,4,1,0,0,1,0,10
Bobby,Jones,0,0,1,0,0,0,0,0,0,0,0,0,0,0,8,1,1,0,0,0,10
Bob,McAdoo,1,0,0,0,1,3,0,0,0,0,2,1,1,0,0,0,0,0,1,0,10
Kevin,McHale,0,0,3,0,0,0,0,0,0,0,0,1,0,0,3,3,2,0,1,0,10
Dirk,Nowitzki,0,0,0,0,0,0,0,0,0,0,0,0,3,7,0,0,0,0,0,0,10
Andrea,Bargnani,0,0,0,0,1,0,0,0,0,0,0,0,0,0,2,5,0,0,1,0,9
Vince,Carter,0,0,0,0,1,2,0,0,0,0,0,0,3,2,0,0,0,0,1,0,9
Michael,Cooper,0,0,4,1,0,0,0,0,0,0,0,0,0,0,5,3,0,0,0,0,9
Luka,Doncic,1,3,3,0,1,0,0,0,0,0,0,3,0,0,0,0,0,0,1,0,9
Joel,Embiid,0,0,0,0,0,0,0,0,0,2,0,0,0,2,3,1,0,0,1,0,9
Alonzo,Mourning,0,0,0,2,0,0,0,0,0,2,0,1,1,0,2,0,0,0,1,0,9
Norman,Van Lier,0,0,0,0,0,0,0,0,0,0,0,0,1,0,3,5,0,0,0,0,9
Bill,Walton,1,1,2,0,0,0,1,0,0,1,0,1,1,0,2,0,1,0,0,0,9
Dominique,Wilkins,0,0,0,0,0,1,0,0,0,0,0,1,4,2,0,0,0,0,1,0,9
Paul,Arizin,0,0,1,0,0,2,0,0,0,0,2,3,1,0,0,0,0,0,0,0,8
Mookie,Blaylock,0,0,0,0,0,0,0,0,2,0,0,0,0,0,2,4,0,0,0,0,8
Dave,DeBusschere,0,0,2,0,0,0,0,0,0,0,0,0,1,0,6,0,0,0,1,0,8
Julius,Erving,1,0,1,0,0,0,0,0,0,0,0,5,2,0,0,0,0,0,0,0,8
Pau,Gasol,0,0,0,0,1,0,0,0,0,0,1,0,2,2,0,1,0,0,1,0,8
Grant,Hill,0,0,0,0,1,0,0,0,0,0,0,1,4,0,0,0,1,0,1,0,8
Kevin,Love,0,0,0,0,0,0,3,0,0,0,0,0,2,2,0,0,0,0,1,0,8
Isiah,Thomas,0,1,1,0,0,0,0,1,0,0,0,3,2,0,0,0,0,0,1,0,8
David,Cowens,0,0,1,0,0,0,0,0,0,0,0,0,3,0,1,2,0,0,1,0,7
Adrian,Dantley,0,0,0,0,1,2,0,0,0,0,1,0,2,0,0,0,0,0,1,0,7
Andre,Drummond,0,0,0,0,0,0,3,0,0,0,0,0,0,0,0,3,0,0,1,0,7
Harold,Greer,0,0,1,0,0,0,0,0,0,0,0,0,7,0,0,0,0,0,0,0,7
Gus,Johnson,0,0,0,0,0,0,0,0,0,0,0,0,4,0,2,0,0,0,1,0,7
Chris,Kaman,0,0,0,0,0,0,0,0,0,0,0,0,4,1,0,1,0,0,0,1,7
Jerry,Lucas,0,0,0,0,1,0,0,0,0,0,0,3,2,0,0,0,0,0,1,0,7
Pete,Maravich,0,0,0,0,0,1,0,0,0,0,1,2,2,0,0,0,0,0,1,0,7
Mitch,Richmond,0,0,0,0,1,0,0,0,0,0,0,0,3,2,0,0,0,0,1,0,7
Brandon,Roy,0,0,0,0,0,0,0,0,0,0,0,0,1,0,0,5,0,0,0,1,7
Bill,Sharman,0,0,3,0,0,0,0,0,0,0,0,4,3,0,0,0,0,0,0,0,7
Buck,Williams,0,0,0,0,1,0,0,0,0,0,0,0,1,0,2,2,0,0,1,0,7
Gilbert,Arenas,0,0,0,0,0,0,0,0,0,0,0,0,2,4,0,0,0,0,0,0,6
Maurice,Cheeks,0,0,1,0,0,0,0,0,0,0,1,0,0,0,4,1,0,0,0,0,6
Tim,Hardaway,0,0,0,0,0,0,0,0,0,0,0,1,3,1,0,0,0,0,1,0,6
Neil,Johnston,0,0,0,0,0,3,1,0,0,0,2,0,0,0,0,0,0,0,0,0,6
Eddie,Jones,0,0,0,0,0,0,0,0,1,0,0,0,0,1,0,3,0,0,1,0,6
Bernard,King,0,0,0,0,0,1,0,0,0,0,0,2,1,1,0,0,0,0,1,0,6
Kawhi,Leonard,0,0,0,0,0,0,0,0,1,0,0,0,0,3,0,1,0,0,1,0,6
Chris,Mullin,0,0,0,0,0,0,0,0,0,0,2,1,2,1,0,0,0,0,0,0,6
Steve,Nash,0,0,0,0,0,0,0,2,0,0,0,0,1,3,0,0,0,0,0,0,6
Danny,Roundfield,0,0,0,0,0,0,0,0,0,0,0,0,1,0,3,2,0,0,0,0,6
Jerry,Sloan,0,0,0,0,0,0,0,0,0,0,0,0,0,0,4,2,0,0,0,0,6
Nathaniel,Thurmond,0,0,0,0,0,0,0,0,0,0,0,0,0,0,2,3,0,0,1,0,6
Wes,Unseld,1,1,1,0,1,0,1,0,0,0,0,1,0,0,0,0,0,0,1,0,6
John,Wall,0,0,0,0,1,0,0,0,0,0,1,0,1,2,0,0,0,0,1,0,6
Nathaniel,Archibald,0,0,1,0,0,0,0,0,0,0,0,3,2,0,0,0,0,0,0,0,5
DeMarre,Carroll,0,0,0,0,0,0,0,0,1,0,0,0,0,0,0,4,0,0,0,0,5
Don,Chaney,0,0,1,0,0,0,0,0,0,0,0,0,0,0,0,5,0,0,0,0,5
William,Cunningham,0,0,0,0,0,0,0,0,0,0,0,3,1,0,0,0,0,0,1,0,5
Bob,Davies,0,0,1,0,0,0,0,0,0,0,0,4,1,0,0,0,0,0,0,0,5
Clyde,Drexler,0,0,1,0,0,0,0,0,0,0,0,1,2,2,0,0,0,0,0,0,5
Anthony,Edwards,0,0,0,0,1,0,0,0,0,0,0,0,0,0,0,0,3,0,1,0,5
Tom,Heinsohn,0,0,5,0,1,0,0,0,0,0,0,0,4,0,0,0,0,0,0,0,5
Kevin,Johnson,0,0,0,0,0,0,0,0,0,0,0,0,4,1,0,0,0,0,0,0,5
Nate,Johnston,0,0,1,0,0,0,0,0,0,0,0,4,1,0,0,0,0,0,0,0,5
Robert,Love,0,0,0,0,0,0,0,0,0,0,0,0,2,0,0,3,0,0,0,0,5
Slater,Martin,0,0,1,0,0,0,0,0,0,0,0,0,5,0,0,0,0,0,0,0,5
Anthony,Mason,0,0,0,0,0,0,0,0,0,0,2,0,0,1,0,1,1,0,0,0,5
Paul,Silas,0,0,1,0,0,0,0,0,0,0,0,0,0,0,2,3,0,0,0,0,5
Maurice,Stokes,0,0,0,0,1,0,1,0,0,0,0,0,3,0,0,0,0,0,0,0,5
Vin,Baker,0,0,0,0,0,0,0,0,0,0,1,0,1,1,0,0,0,0,1,0,4
David,Bing,0,0,0,0,0,0,0,0,0,0,0,2,1,0,0,0,0,0,1,0,4
Quinn,Buckner,0,0,0,0,0,0,0,0,0,0,0,0,0,0,0,4,0,0,0,0,4
Donald,Buse,0,0,0,0,0,0,0,0,0,0,0,0,0,0,4,0,0,0,0,0,4
Derrick,Coleman,0,0,0,0,1,0,0,0,0,0,0,0,0,2,0,0,0,0,1,0,4
Terry,Cummings,0,0,0,0,1,0,0,0,0,0,0,0,1,1,0,0,0,0,1,0,4
Walter,Davis,0,0,0,0,1,0,0,0,0,0,0,0,2,0,0,0,0,0,1,0,4
Boris,Diaw,0,0,1,0,0,0,0,0,0,0,0,0,0,0,0,0,3,0,1,0,4
Michael,Finley,0,0,0,0,0,0,0,0,0,0,3,0,0,0,0,0,0,0,1,0,4
Joe,Fulks,0,0,1,0,0,0,0,0,0,0,0,3,1,0,0,0,0,0,0,0,4
Marc,Gasol,0,0,0,0,0,0,0,0,0,1,0,1,0,0,1,1,0,0,0,0,4
Horace,Grant,0,0,1,0,0,0,0,0,0,0,0,0,0,0,0,4,0,0,0,0,4
Penny,Hardaway,0,0,0,0,0,0,0,0,0,0,0,2,0,1,0,0,0,0,1,0,4
Spencer,Haywood,0,0,0,0,0,0,0,0,0,0,0,2,2,0,0,0,0,0,0,0,4
George,Johnson,0,0,0,0,0,0,0,0,0,3,0,0,0,0,0,1,0,0,0,0,4
Larry,Johnson,0,0,0,0,1,0,0,0,0,0,1,0,1,0,0,0,0,0,1,0,4
Marques,Johnson,0,0,0,0,0,0,0,0,0,0,0,1,2,0,0,0,0,0,1,0,4
Charles,Macauley,0,0,0,0,0,0,0,0,0,0,0,3,1,0,0,0,0,0,0,0,4
Aldonse,Miksis,0,0,2,0,0,0,0,0,0,0,0,0,4,0,0,0,0,0,0,0,4
Andre,Miller,0,0,0,0,0,0,0,3,0,0,0,0,0,0,0,0,0,0,1,0,4
James,Pollard,0,0,4,0,0,0,0,0,0,0,0,2,2,0,0,0,0,0,0,0,4
Kevin,Porter,0,0,0,0,0,0,0,4,0,0,0,0,0,0,0,0,0,0,0,0,4
Mark,Price,0,0,0,0,0,0,0,0,0,0,0,1,0,3,0,0,0,0,0,0,4
Jason,Richardson,0,0,0,0,0,0,0,0,0,0,0,0,0,3,0,0,0,0,1,0,4
Micheal Ray,Richardson,0,0,0,0,0,0,0,1,3,0,0,0,0,0,0,0,0,0,0,0,4
Latrell,Sprewell,0,0,0,0,0,0,0,0,0,0,1,1,0,0,0,1,0,0,0,1,4
Isaiah,Thomas,0,0,0,0,0,0,0,0,0,0,1,0,0,2,0,0,0,0,1,0,4
Myles,Turner,0,0,0,0,0,0,0,0,0,2,0,0,0,0,0,1,0,0,1,0,4
Paul,Westphal,0,0,0,0,0,0,0,0,0,0,0,3,1,0,0,0,0,0,0,0,4
Jamaal,Wilkes,0,0,1,0,1,0,0,0,0,0,0,0,0,0,0,2,0,0,1,0,4
James,Worthy,0,1,1,0,0,0,0,0,0,0,0,0,0,2,0,0,0,0,1,0,4
Max,Zaslofsky,0,0,0,0,0,0,0,0,0,0,0,4,0,0,0,0,0,0,0,0,4
Tiny,Archibald,0,0,0,0,0,1,0,1,0,0,1,0,0,0,0,0,0,0,0,0,3
Bradley,Beal,0,0,0,0,0,0,0,0,0,0,2,0,0,0,0,0,0,0,1,0,3
Ralph,Beard,0,0,0,0,0,0,0,0,0,0,0,1,1,0,0,0,0,0,1,0,3
Manute,Bol,0,0,0,0,0,0,0,0,0,2,0,0,0,0,0,1,0,0,0,0,3
P.J.,Brown,0,0,0,0,0,0,0,0,0,0,0,0,0,0,0,3,0,0,0,0,3
Bob,Dandridge,0,0,0,0,0,0,0,0,0,0,0,0,1,0,1,0,0,0,1,0,3
Simon,Davis,0,0,0,0,0,0,0,0,0,0,0,0,0,2,0,0,0,0,1,0,3
Theodore,Dunn,0,0,0,0,0,0,0,0,0,0,0,0,0,0,0,3,0,0,0,0,3
Samuel,Fedor,0,0,0,0,0,0,0,0,0,0,0,0,3,0,0,0,0,0,0,0,3
Robert,Feerick,0,0,0,0,0,0,0,0,0,0,0,2,1,0,0,0,0,0,0,0,3
Phil,Ford,0,0,0,0,1,0,0,0,0,0,0,0,1,0,0,0,0,0,1,0,3
Harry,Gallatin,0,0,0,0,0,0,1,0,0,0,0,1,1,0,0,0,0,0,0,0,3
Richard,Guerin,0,0,0,0,0,0,0,0,0,0,0,0,3,0,0,0,0,0,0,0,3
Devin,Harris,0,0,0,0,0,0,0,0,0,0,0,0,0,0,0,0,2,0,1,0,3
Lionel,Hollins,0,0,0,0,0,0,0,0,0,0,0,0,0,0,1,1,0,0,1,0,3
Mark,Jackson,0,0,0,0,1,0,0,1,0,0,0,0,0,0,0,0,0,0,1,0,3
Jaren,Jackson Jr.,0,0,1,0,0,0,0,0,0,1,0,0,0,0,1,0,0,0,1,0,3
Eddie,Johnson,0,0,0,0,0,0,0,0,0,0,0,0,0,0,0,2,1,0,0,0,3
Nikola,Jokic,0,0,0,0,1,0,0,0,0,0,0,0,1,0,0,0,0,0,1,0,3
Sam,Jones,0,0,2,0,0,0,0,0,0,0,0,0,3,0,0,0,0,0,0,0,3
Shawn,Kemp,0,0,0,0,0,0,0,0,0,0,0,0,3,0,0,0,0,0,0,0,3
John,Logan,0,0,0,0,0,0,0,0,0,0,0,0,3,0,0,0,0,0,0,0,3
Maurice,Lucas,0,0,0,0,0,0,0,0,0,0,0,0,1,0,1,1,0,0,0,0,3
Rodney,McCray,0,0,0,0,0,0,0,0,0,0,1,0,0,0,1,1,0,0,0,0,3
Derrick,McKey,0,0,0,0,0,0,0,0,0,0,0,0,0,0,0,2,0,0,1,0,3
Nate,McMillan,0,0,0,0,0,0,0,0,1,0,0,0,0,0,0,2,0,0,0,0,3
Mike,Miller,0,0,0,0,1,0,0,0,0,0,0,0,0,0,0,0,1,0,1,0,3
Reggie,Miller,0,0,0,0,0,0,0,0,0,0,0,0,0,3,0,0,0,0,0,0,3
Evan,Mobley,0,0,0,0,1,0,0,0,0,0,0,0,0,0,0,1,0,0,1,0,3
Earl,Monroe,0,0,0,0,1,0,0,0,0,0,0,1,0,0,0,0,0,0,1,0,3
Larry,Nance,0,0,0,0,0,0,0,0,0,0,0,0,0,0,1,2,0,0,0,0,3
Charles,Oakley,0,0,0,0,0,0,0,0,0,0,0,0,0,0,1,1,0,0,1,0,3
Andy,Phillip,0,0,0,0,0,0,0,3,0,0,0,0,0,0,0,0,0,0,0,0,3
Paul,Pierce,0,0,0,0,0,0,0,0,0,0,0,0,0,2,0,0,0,0,1,0,3
Paul,Pressey,0,0,0,0,0,0,0,0,0,0,0,0,0,0,2,1,0,0,0,0,3
Glen,Rice,0,0,0,0,0,0,0,0,0,0,0,0,1,1,0,0,0,0,0,1,3
Tree,Rollins,0,0,0,0,0,0,0,0,0,1,0,0,0,0,1,1,0,0,0,0,3
Ralph,Sampson,0,0,0,0,1,0,0,0,0,0,0,0,1,0,0,0,0,0,1,0,3
Dolph,Schayes,0,0,0,0,0,0,1,0,0,0,2,0,0,0,0,0,0,0,0,0,3
Detlef,Schrempf,0,0,0,0,0,0,0,0,0,0,0,0,0,1,0,0,2,0,0,0,3
Rod,Strickland,0,0,0,0,0,0,0,1,0,0,0,0,1,0,0,0,0,0,0,1,3
Michael,Wallace,0,0,0,0,0,0,0,0,0,0,0,0,3,0,0,0,0,0,0,0,3
Joe,White,0,0,0,0,0,0,0,0,0,0,0,0,2,0,0,0,0,0,1,0,3
Gus,Williams,0,0,0,0,0,0,0,0,0,0,0,1,1,0,0,0,0,0,1,0,3
Zion,Williamson,0,0,0,0,1,0,0,0,0,0,0,0,0,1,0,0,0,0,1,0,3
George,Yardley,0,0,0,0,0,1,0,0,0,0,0,1,1,0,0,0,0,0,0,0,3
Trae,Young,1,0,0,0,0,0,0,0,0,0,0,1,0,0,0,0,0,0,1,0,3
Alvan,Adams,0,0,0,0,1,0,0,0,0,0,0,0,0,0,0,0,0,0,1,0,2
Ray,Allen,0,0,0,0,0,0,0,0,0,0,0,0,0,1,0,0,0,0,0,1,2
Deandre,Ayton,0,0,0,0,0,0,0,0,0,0,0,0,0,0,0,1,0,0,1,0,2
Bruce,Bowen,0,0,0,0,0,0,0,0,0,0,0,0,0,0,0,2,0,0,0,0,2
Shawn,Bradley,0,0,0,0,0,0,0,0,0,1,0,0,0,0,0,0,0,0,0,1,2
Carl,Braun,0,0,0,0,0,0,0,0,0,0,0,0,2,0,0,0,0,0,0,0,2
Jim,Brewer,0,0,0,0,0,0,0,0,0,0,0,0,0,0,0,2,0,0,0,0,2
Frank,Brian,0,0,0,0,0,0,0,0,0,0,0,0,2,0,0,0,0,0,0,0,2
Bill,Bridges,0,0,0,0,0,0,0,0,0,0,0,0,0,0,0,2,0,0,0,0,2
Trey,Burke,0,0,0,0,1,0,0,0,0,0,0,0,0,0,0,0,0,0,1,0,2
Don,Buse,0,0,0,0,0,0,0,1,1,0,0,0,0,0,0,0,0,0,0,0,2
Caron,Butler,0,0,0,0,0,0,0,0,0,0,0,0,0,0,0,0,1,0,1,0,2
Joe,Caldwell,0,0,0,0,0,0,0,0,0,0,0,0,0,0,0,1,0,0,1,0,2
Marcus,Camby,0,0,0,0,0,0,0,0,0,1,0,0,0,0,0,0,0,0,1,0,2
Tom,Chambers,0,0,0,0,0,0,0,0,0,0,0,0,2,0,0,0,0,0,0,0,2
Phil,Chenier,0,0,0,0,0,0,0,0,0,0,0,0,1,0,0,0,0,0,1,0,2
Doug,Christie,0,0,0,0,0,0,0,0,0,0,0,0,0,0,0,2,0,0,0,0,2
E.C.,Coleman,0,0,0,0,0,0,0,0,0,0,0,0,0,0,1,1,0,0,0,0,2
Mike,Conley,0,1,1,0,0,0,0,0,0,0,0,0,0,0,0,0,0,0,0,1,2
Dave,Cowens,1,0,0,0,1,0,0,0,0,0,0,0,0,0,0,0,0,0,0,0,2
Brad,Daugherty,0,0,0,0,0,0,0,0,0,0,0,0,0,1,0,0,0,0,1,0,2
Ernie,DiGregorio,0,0,0,0,1,0,0,1,0,0,0,0,0,0,0,0,0,0,0,0,2
Terry,Dischinger,0,0,0,0,1,0,0,0,0,0,0,0,0,0,0,0,0,0,1,0,2
Larry,Foust,0,0,0,0,0,0,0,0,0,0,0,1,1,0,0,0,0,0,0,0,2
De'Aaron,Fox,0,0,0,0,0,0,0,0,0,0,1,0,0,0,0,0,0,0,1,0,2
Steve,Francis,0,0,0,0,1,0,0,0,0,0,0,0,0,0,0,0,0,0,1,0,2
Jack,George,0,0,1,0,0,0,0,0,0,0,1,0,1,0,0,0,0,0,0,0,2
Kendall,Gill,0,0,0,0,0,0,0,0,1,0,0,0,0,0,0,0,0,0,1,0,2
Rudy,Gobert,0,0,0,0,0,0,0,0,0,0,0,0,0,0,0,1,0,0,1,0,2
Darrell,Griffith,0,0,0,0,1,0,0,0,0,0,0,0,0,0,0,0,0,0,1,0,2
Alex,Groza,0,0,0,0,0,0,0,0,0,0,0,2,0,0,0,0,0,0,0,0,2
Cliff,Hagan,0,0,1,0,0,0,0,0,0,0,0,0,2,0,0,0,0,0,0,0,2
Derek,Harper,0,0,0,0,0,0,0,0,0,0,0,0,0,0,0,2,0,0,0,0,2
Johnny R.,Haywood,0,0,0,0,0,0,0,0,0,0,0,0,0,0,0,0,2,0,0,0,2
Juwan,Howard,0,0,0,0,0,0,0,0,0,0,0,0,0,1,0,0,0,0,0,1,2
Lou,Hudson,0,0,0,0,0,0,0,0,0,0,0,0,1,0,0,0,0,0,1,0,2
Zydrunas,Ilgauskas,0,0,0,0,0,0,0,0,0,0,0,0,0,1,0,0,0,0,1,0,2
Kyrie,Irving,0,0,0,0,1,0,0,0,0,0,0,0,0,0,0,0,0,0,1,0,2
Caldwell,Jones,0,0,0,0,0,0,0,0,0,0,0,0,0,0,2,0,0,0,0,0,2
Toni,Kukoc,0,0,1,0,0,0,0,0,0,0,0,0,0,0,0,0,1,0,0,1,2
Fat,Lever,0,0,0,0,0,0,0,0,0,0,0,0,1,0,0,1,0,0,0,0,2
Dan,Majerle,0,0,0,0,0,0,0,0,0,0,0,0,0,0,0,2,0,0,0,0,2
Stephon,Marbury,0,0,0,0,0,0,0,0,0,0,0,0,0,1,0,0,0,0,1,0,2
Shawn,Marion,0,0,0,0,0,0,0,0,0,0,0,0,0,0,0,1,0,0,0,1,2
Antonio,McDyess,0,0,0,0,0,0,0,0,0,0,0,0,0,1,0,0,0,0,1,0,2
George,McGinnis,0,0,0,0,0,0,0,0,0,0,0,1,1,0,0,0,0,0,0,0,2
John,McMahon,0,0,0,0,0,0,0,0,0,0,0,1,1,0,0,0,0,0,0,0,2
Stanley,Miasek,0,0,0,0,0,0,0,0,0,0,0,1,1,0,0,0,0,0,0,0,2
Ja,Morant,0,0,0,0,0,0,0,0,0,0,0,0,0,1,0,0,0,0,1,0,2
Keegan,Murray,0,0,0,0,1,0,0,0,0,0,0,0,0,0,0,0,0,0,1,0,2
Bobby C.,O'Gallagher,0,0,0,0,0,0,0,0,0,0,0,0,2,0,0,0,0,0,0,0,2
Jermaine,O'Neal,0,0,0,0,0,0,0,0,0,0,1,0,0,1,0,0,0,0,0,0,2
Greg,Oden,0,0,0,0,0,0,0,0,0,0,0,0,0,0,0,1,0,0,1,0,2
Robert,Parish,0,0,0,0,0,0,0,0,0,0,0,0,1,1,0,0,0,0,0,0,2
Chuck,Person,0,0,0,0,1,0,0,0,0,0,0,0,0,0,0,0,0,0,1,0,2
Geoff,Petrie,0,0,0,0,1,0,0,0,0,0,0,0,0,0,0,0,0,0,1,0,2
Gary,Phillips,0,0,0,0,0,0,0,0,0,0,0,0,2,0,0,0,0,0,0,0,2
Ricky,Pierce,0,0,0,0,0,0,0,0,0,0,0,0,0,0,0,0,2,0,0,0,2
James,Price,0,0,0,0,0,0,0,0,0,0,0,0,0,0,0,1,0,0,1,0,2
Theo,Ratliff,0,0,0,0,0,0,0,0,0,1,0,0,0,0,0,1,0,0,0,0,2
Micheal,Richardson,0,0,0,0,0,0,0,0,0,0,0,0,0,0,2,0,0,0,0,0,2
Cliff,Robinson,0,0,0,0,0,0,0,0,0,0,0,0,0,0,0,1,1,0,0,0,2
Truck,Robinson,0,0,0,0,0,0,1,0,0,0,1,0,0,0,0,0,0,0,0,0,2
Guy,Rodgers,0,0,0,0,0,0,0,2,0,0,0,0,0,0,0,0,0,0,0,0,2
Ricky,Rubio,0,0,0,0,0,0,0,0,0,0,0,0,0,0,0,0,1,0,0,1,2
Jeff,Ruland,0,0,0,0,0,0,0,0,0,0,1,0,0,0,0,0,0,0,1,0,2
Fred,Scolari,0,0,0,0,0,0,0,0,0,0,0,0,2,0,0,0,0,0,0,0,2
Paul,Seymour,0,0,1,0,0,0,0,0,0,0,0,0,2,0,0,0,0,0,0,0,2
Steve,Sheppard,0,0,0,0,0,0,0,0,0,0,0,1,1,0,0,0,0,0,0,0,2
Jack,Sikma,0,0,0,0,0,0,0,0,0,0,0,0,0,0,0,1,0,0,1,0,2
Donald,Smith,0,0,0,0,0,0,0,0,0,0,0,0,1,0,0,1,0,0,0,0,2
Elmore,Smith,0,0,0,0,0,0,0,0,0,1,0,0,0,0,0,0,0,0,1,0,2
John,Starks,0,0,0,0,0,0,0,0,0,0,0,0,0,0,0,1,1,0,0,0,2
Damon,Stoudamire,0,0,0,0,1,0,0,0,0,0,0,0,0,0,0,0,0,0,1,0,2
Amar'e,Stoudemire,0,0,0,0,0,0,0,0,0,0,0,0,0,0,0,1,0,0,1,0,2
Roy,Tarpley,0,0,0,0,0,0,0,0,0,0,0,0,0,0,0,0,1,0,1,0,2
David,Thompson,0,0,0,0,0,0,0,0,0,0,0,2,0,0,0,0,0,0,0,0,2
Klay,Thompson,0,0,0,0,0,0,0,0,0,0,0,0,0,0,0,1,0,0,0,1,2
Jack,Twyman,0,0,0,0,0,0,0,0,0,0,0,0,2,0,0,0,0,0,0,0,2
Hal,Uplinger,0,0,0,0,0,0,0,0,0,0,0,0,0,0,0,1,0,0,1,0,2
Kermit,Washington,0,0,0,0,0,0,0,0,0,0,0,0,0,0,0,2,0,0,0,0,2
Slick,Watts,0,0,0,0,0,0,0,1,1,0,0,0,0,0,0,0,0,0,0,0,2
Scott,Wedman,0,0,0,0,0,0,0,0,0,0,0,0,0,0,0,1,0,0,1,0,2
Sidney,Wicks,0,0,0,0,1,0,0,0,0,0,0,0,0,0,0,0,0,0,1,0,2
Mahmoud,Abdul-Rauf,0,0,0,0,0,0,0,0,0,0,0,0,0,0,0,0,0,0,0,1,1
Shareef,Abdur-Rahim,0,0,0,0,0,0,0,0,0,0,0,0,0,0,0,0,0,0,1,0,1
Precious,Achiuwa,0,0,0,0,0,0,0,0,0,0,0,0,0,0,0,0,0,0,0,1,1
LaMarcus,Aldridge,0,0,0,0,0,0,0,0,0,0,0,0,0,0,0,0,0,0,0,1,1
Courtney,Alexander,0,0,0,0,0,0,0,0,0,0,0,0,0,0,0,0,0,0,0,1,1
Álex,Allen,0,0,0,0,0,0,0,0,0,0,0,0,0,0,0,0,0,0,0,1,1
Al-Farouq,Aminu,0,0,0,0,0,0,0,0,0,0,0,0,0,0,0,0,0,0,0,1,1
Derek,Anderson,0,0,0,0,0,0,0,0,0,0,0,0,0,0,0,0,0,0,0,1,1
Greg,Anderson,0,0,0,0,0,0,0,0,0,0,0,0,0,0,0,0,0,0,1,0,1
Kyle,Anderson,0,0,0,0,0,0,0,0,0,0,0,0,0,0,0,0,0,0,0,1,1
Willie,Anderson,0,0,0,0,0,0,0,0,0,0,0,0,0,0,0,0,0,0,1,0,1
Cole,Anthony,0,0,0,0,0,0,0,0,0,0,0,0,0,0,0,0,0,0,0,1,1
Rafael,Araujo,0,0,0,0,0,0,0,0,0,0,0,0,0,0,0,0,0,0,0,1,1
Darrell,Armstrong,0,0,0,0,0,0,0,0,0,0,0,0,0,0,0,0,1,0,0,0,1
Chucky,Atkins,0,0,0,0,0,0,0,0,0,0,0,0,0,0,0,0,0,0,0,1,1
Chuck,Augmon,0,0,0,0,0,0,0,0,0,0,0,0,0,0,0,0,0,0,0,1,1
Stacey,Augmon,0,0,0,0,0,0,0,0,0,0,0,0,0,0,0,0,0,0,1,0,1
Marvin,Bagley III,0,0,0,0,0,0,0,0,0,0,0,0,0,0,0,0,0,0,0,1,1
Thurl,Bailey,0,0,0,0,0,0,0,0,0,0,0,0,0,0,0,0,0,0,1,0,1
LaMelo,Ball,0,0,0,0,0,0,0,0,0,0,0,0,0,0,0,0,0,0,1,0,1
Mohamed,Bamba,0,0,0,0,0,0,0,0,0,0,0,0,0,0,0,0,0,0,0,1,1
Paolo,Banchero,0,0,0,0,0,0,0,0,0,0,0,0,0,0,0,0,0,0,1,0,1
Desmond,Bane,0,0,0,0,0,0,0,0,0,0,0,0,0,0,0,0,0,0,0,1,1
Michael,Bantom,0,0,0,0,0,0,0,0,0,0,0,0,0,0,0,0,0,0,1,0,1
Harrison,Barnes,0,0,0,0,0,0,0,0,0,0,0,0,0,0,0,0,0,0,0,1,1
Scottie,Barnes,0,0,0,0,0,0,0,0,0,0,0,0,0,0,0,0,0,0,1,0,1
R.J.,Barrett,0,0,0,0,0,0,0,0,0,0,0,0,0,0,0,0,0,0,1,0,1
Brent,Barry,0,0,0,0,0,0,0,0,0,0,0,0,0,0,0,0,0,0,0,1,1
Brandon,Bass,0,0,0,0,0,0,0,0,0,0,0,0,0,0,0,0,0,0,0,1,1
Shane,Battier,0,0,0,0,0,0,0,0,0,0,0,0,0,0,0,0,0,0,1,0,1
Nicolas,Batum,0,0,0,0,0,0,0,0,0,0,0,0,0,0,0,0,0,0,1,0,1
Frank,Baumholtz,0,0,0,0,0,0,0,0,0,0,0,0,1,0,0,0,0,0,0,0,1
Harvey,Beasley,0,0,0,0,0,0,0,0,0,0,0,0,0,0,0,0,0,0,1,0,1
Michael,Beasley,0,0,0,0,0,0,0,0,0,0,0,0,0,0,0,0,0,0,1,0,1
Zelmo,Beaty,0,0,0,0,0,0,0,0,0,0,0,0,0,0,0,0,0,0,1,0,1
Ron,Behagen,0,0,0,0,0,0,0,0,0,0,0,0,0,0,0,0,0,0,1,0,1
Walt,Bellamy,0,0,0,0,1,0,0,0,0,0,0,0,0,0,0,0,0,0,0,0,1
Mike,Bibby,0,0,0,0,0,0,0,0,0,0,0,0,0,0,0,0,0,0,1,0,1
Chauncey,Billups,0,1,1,0,0,0,0,0,0,0,0,0,0,0,0,0,0,0,0,0,1
Dave,Bing,0,0,0,0,1,0,0,0,0,0,0,0,0,0,0,0,0,0,0,0,1
Otis,Birdsong,0,0,0,0,0,0,0,0,0,0,0,0,1,0,0,0,0,0,0,0,1
DeJuan,Blair,0,0,0,0,0,0,0,0,0,0,0,0,0,0,0,0,0,0,0,1,1
Eric,Bledsoe,0,0,0,0,0,0,0,0,0,0,0,0,0,0,0,0,0,0,1,0,1
Kelvin,Boeheim,0,0,0,0,0,0,0,0,0,0,0,0,0,0,0,0,0,0,0,1,1
Devin,Booker,0,0,0,0,0,0,0,0,0,0,0,0,0,0,0,0,0,0,0,1,1
Carlos,Boozer,0,0,0,0,0,0,0,0,0,0,0,0,0,0,0,0,0,0,1,0,1
Sam,Bowie,0,0,0,0,0,0,0,0,0,0,0,0,0,0,0,0,0,0,1,0,1
Darren,Bowman,0,0,0,0,0,0,0,0,0,0,0,0,0,0,0,0,0,0,0,1,1
Fred,Boyd,0,0,0,0,0,0,0,0,0,0,0,0,0,0,0,0,0,0,1,0,1
Dudley,Bradley,0,0,0,0,0,0,0,0,0,0,0,0,0,0,0,1,0,0,0,0,1
Terrell,Brandon,0,0,0,0,0,0,0,0,0,0,0,0,0,0,0,0,0,0,0,1,1
Malaki,Branham,0,0,0,0,0,0,0,0,0,0,0,0,0,0,0,0,0,0,0,1,1
Dee,Brown,0,0,0,0,0,0,0,0,0,0,0,0,0,0,0,0,0,0,1,0,1
Jaylen,Brown,0,0,0,0,0,0,0,0,0,0,0,0,0,0,0,0,0,0,1,0,1
John,Brown,0,0,0,0,0,0,0,0,0,0,0,0,0,0,0,0,0,0,1,0,1
Leon,Brown,0,0,0,0,0,0,0,0,0,0,0,0,0,0,0,0,0,0,1,0,1
Alec,Burks,0,0,0,0,0,0,0,0,0,0,0,0,0,0,0,0,0,0,0,1,1
Tom,Burleson,0,0,0,0,0,0,0,0,0,0,0,0,0,0,0,0,0,0,1,0,1
Willie,Burton,0,0,0,0,0,0,0,0,0,0,0,0,0,0,0,0,0,0,0,1,1
Michael,Cage,0,0,0,0,0,0,1,0,0,0,0,0,0,0,0,0,0,0,0,0,1
Ernest,Calverley,0,0,0,0,0,0,0,0,0,0,0,0,1,0,0,0,0,0,0,0,1
Austin,Carr,0,0,0,0,0,0,0,0,0,0,0,0,0,0,0,0,0,0,1,0,1
Justin,Carr,0,0,0,0,0,0,0,0,0,0,0,0,0,0,0,0,0,0,0,1,1
M.L.,Carr,0,0,0,0,0,0,0,0,1,0,0,0,0,0,0,0,0,0,0,0,1
Michael,Carr,0,0,0,0,0,0,0,0,0,0,0,0,0,0,0,1,0,0,0,0,1
Joseph,Carroll,0,0,0,0,0,0,0,0,0,0,0,0,0,0,0,0,0,0,1,0,1
Bill,Cartwright,0,0,0,0,0,0,0,0,0,0,0,0,0,0,0,0,0,0,1,0,1
Matthew,Cartwright,0,0,0,0,0,0,0,0,0,0,0,0,0,0,0,0,0,0,1,0,1
Al,Cervi,0,0,0,0,0,0,0,0,0,0,0,0,1,0,0,0,0,0,0,0,1
Rex,Chapman,0,0,0,0,0,0,0,0,0,0,0,0,0,0,0,0,0,0,0,1,1
Archie,Clark,0,0,0,0,0,0,0,0,0,0,0,0,1,0,0,0,0,0,0,0,1
Brandon,Clarke,0,0,0,0,0,0,0,0,0,0,0,0,0,0,0,0,0,0,1,0,1
Jim,Cleamons,0,0,0,0,0,0,0,0,0,0,0,0,0,0,0,1,0,0,0,0,1
John,Collins,0,0,0,0,0,0,0,0,0,0,0,0,0,0,0,0,0,0,0,1,1
Tyrone,Cook,0,0,0,0,0,0,0,0,0,0,0,0,0,0,0,0,0,0,1,0,1
Lawrence,Costello,0,0,0,0,0,0,0,0,0,0,0,0,1,0,0,0,0,0,0,0,1
Ayrton,Covington,0,0,0,0,0,0,0,0,0,0,0,0,0,0,0,0,0,0,0,1,1
Jarrett,Culver,0,0,0,0,0,0,0,0,0,0,0,0,0,0,0,0,0,0,0,1,1
Cade,Cunningham,0,0,0,0,0,0,0,0,0,0,0,0,0,0,0,0,0,0,1,0,1
Dell,Curry,0,0,0,0,0,0,0,0,0,0,0,0,0,0,0,0,1,0,0,0,1
Quintin,Dailey,0,0,0,0,0,0,0,0,0,0,0,0,0,0,0,0,0,0,1,0,1
Howard,Dallmar,0,0,0,0,0,0,0,0,0,0,0,1,0,0,0,0,0,0,0,0,1
Baron,Davis,0,0,0,0,0,0,0,0,1,0,0,0,0,0,0,0,0,0,0,0,1
Dwight,Davis,0,0,0,0,0,0,0,0,0,0,0,0,0,0,0,0,0,0,1,0,1
DeMar,DeRozan,0,0,0,0,0,0,0,0,0,0,0,0,0,0,0,0,0,0,0,1,1
Michael,Dickerson,0,0,0,0,0,0,0,0,0,0,0,0,0,0,0,0,0,0,0,1,1
Ernie,Digregorio,0,0,0,0,0,0,0,0,0,0,0,0,0,0,0,0,0,0,1,0,1
Vlade,Divac,0,0,0,0,0,0,0,0,0,0,0,0,0,0,0,0,0,0,1,0,1
Michael,Doleac,0,0,0,0,0,0,0,0,0,0,0,0,0,0,0,0,0,0,0,1,1
Sherman,Douglas,0,0,0,0,0,0,0,0,0,0,0,0,0,0,0,0,0,0,1,0,1
John,Drew,0,0,0,0,0,0,0,0,0,0,0,0,0,0,0,0,0,0,1,0,1
Chris,Duarte,0,0,0,0,0,0,0,0,0,0,0,0,0,0,0,0,0,0,0,1,1
Monty,Dudley,0,0,0,0,0,0,0,0,0,0,0,0,0,0,0,0,0,0,1,0,1
Richard,Dumas,0,0,0,0,0,0,0,0,0,0,0,0,0,0,0,0,0,0,0,1,1
Tyus,Edney,0,0,0,0,0,0,0,0,0,0,0,0,0,0,0,0,0,0,0,1,1
Blue,Edwards,0,0,0,0,0,0,0,0,0,0,0,0,0,0,0,0,0,0,0,1,1
Kevin,Edwards,0,0,0,0,0,0,0,0,0,0,0,0,0,0,0,0,0,0,0,1,1
Henry,Ellenson,0,0,0,0,0,0,0,0,0,0,0,0,0,0,0,0,0,0,0,1,1
Sean,Elliott,0,0,0,0,0,0,0,0,0,0,0,0,0,0,0,0,0,0,0,1,1
Dale,Ellis,0,0,0,0,0,0,0,0,0,0,0,0,0,1,0,0,0,0,0,0,1
LaPhonso,Ellis,0,0,0,0,0,0,0,0,0,0,0,0,0,0,0,0,0,0,1,0,1
Alex,English,0,0,0,0,0,1,0,0,0,0,0,0,0,0,0,0,0,0,0,0,1
Dante,Exum,0,0,0,0,0,0,0,0,0,0,0,0,0,0,0,0,0,0,1,0,1
Kenneth,Faried,0,0,0,0,0,0,0,0,0,0,0,0,0,0,0,0,0,0,0,1,1
Jordan,Farmar,0,0,0,0,0,0,0,0,0,0,0,0,0,0,0,0,0,0,0,1,1
Derrick,Favors,0,0,0,0,0,0,0,0,0,0,0,0,0,0,0,0,0,0,0,1,1
Ray,Felix,0,0,0,0,1,0,0,0,0,0,0,0,0,0,0,0,0,0,0,0,1
Raymond,Felton,0,0,0,0,0,0,0,0,0,0,0,0,0,0,0,0,0,0,1,0,1
Marcus,Fizer,0,0,0,0,0,0,0,0,0,0,0,0,0,0,0,0,0,0,0,1,1
Malachi,Flynn,0,0,0,0,0,0,0,0,0,0,0,0,0,0,0,0,0,0,0,1,1
Sharrod,Ford,0,0,0,0,0,0,0,0,0,0,0,0,0,0,0,0,0,0,1,0,1
T.J.,Ford,0,0,0,0,0,0,0,0,0,0,0,0,0,0,0,0,0,0,0,1,1
Danny,Fortson,0,0,0,0,0,0,0,0,0,0,0,0,0,0,0,0,0,0,0,1,1
Rick,Fox,0,0,0,0,0,0,0,0,0,0,0,0,0,0,0,0,0,0,0,1,1
World B.,Free,0,0,0,0,0,0,0,0,0,0,0,0,1,0,0,0,0,0,0,0,1
Markelle,Fultz,0,0,0,0,0,0,0,0,0,0,0,0,0,0,0,0,0,0,1,0,1
Daniel,Gafford,0,0,0,0,0,0,0,0,0,0,0,0,0,0,0,0,0,0,1,0,1
Francisco,Garcia,0,0,0,0,0,0,0,0,0,0,0,0,0,0,0,0,0,0,0,1,1
Dean,Garrett,0,0,0,0,0,0,0,0,0,0,0,0,0,0,0,0,0,0,1,0,1
Rudy,Gay,0,0,0,0,0,0,0,0,0,0,0,0,0,0,0,0,0,0,1,0,1
Josh,Giddey,0,0,0,0,0,0,0,0,0,0,0,0,0,0,0,0,0,0,1,0,1
Shai,Gilgeous-Alexander,0,0,0,0,0,0,0,0,0,0,0,0,0,0,0,0,0,0,1,0,1
Armen,Gilliam,0,0,0,0,0,0,0,0,0,0,0,0,0,0,0,0,0,0,1,0,1
Herman,Gilliam,0,0,0,0,0,0,0,0,0,0,0,0,1,0,0,0,0,0,0,0,1
Artis,Gilmore,0,0,0,0,0,0,0,0,0,0,0,0,0,0,0,1,0,0,0,0,1
Manu,Ginobili,0,0,0,0,0,0,0,0,0,0,0,0,0,0,0,0,0,0,0,1,1
Tom,Gola,0,0,0,0,0,0,0,0,0,0,0,0,1,0,0,0,0,0,0,0,1
Drew,Gooden,0,0,0,0,0,0,0,0,0,0,0,0,0,0,0,0,0,0,1,0,1
Gail,Goodrich,0,0,0,0,0,0,0,0,0,0,0,1,0,0,0,0,0,0,0,0,1
Aaron,Gordon,0,0,0,0,0,0,0,0,0,0,0,0,0,0,0,0,0,0,0,1,1
Danny,Granger,0,0,0,0,0,0,0,0,0,0,0,0,0,0,0,0,0,0,0,1,1
Brian,Grant,0,0,0,0,0,0,0,0,0,0,0,0,0,0,0,0,0,0,1,0,1
A.C.,Green,0,0,0,0,0,0,0,0,0,0,0,0,0,0,0,1,0,0,0,0,1
Draymond,Green,0,0,0,0,0,0,0,0,0,0,0,0,0,0,0,0,0,0,1,0,1
Gerald,Green,0,0,0,0,0,0,0,0,0,0,0,0,0,0,0,0,0,0,0,1,1
Jalen,Green,0,0,0,0,0,0,0,0,0,0,0,0,0,0,0,0,0,0,1,0,1
Rickey,Green,0,0,0,0,0,0,0,0,1,0,0,0,0,0,0,0,0,0,0,0,1
David,Greenwood,0,0,0,0,0,0,0,0,0,0,0,0,0,0,0,0,0,0,1,0,1
Gary,Gregor,0,0,0,0,0,0,0,0,0,0,0,0,0,0,0,0,0,0,1,0,1
Blake,Griffin,0,0,0,0,0,0,0,0,0,0,0,0,0,0,0,0,0,0,1,0,1
Eddie,Griffin,0,0,0,0,0,0,0,0,0,0,0,0,0,0,0,0,0,0,0,1,1
Robert,Gross,0,0,0,0,0,0,0,0,0,0,0,0,0,0,0,1,0,0,0,0,1
Tom,Gugliotta,0,0,0,0,0,0,0,0,0,0,0,0,0,0,0,0,0,0,1,0,1
Charles,Halbert,0,0,0,0,0,0,0,0,0,0,0,0,1,0,0,0,0,0,0,0,1
Tyrese,Haliburton,0,0,0,0,0,0,0,0,0,0,0,0,0,0,0,0,0,0,0,1,1
Bill,Hanzlik,0,0,0,0,0,0,0,0,0,0,0,0,0,0,0,1,0,0,0,0,1
Ron,Harper,0,0,0,0,0,0,0,0,0,0,0,0,0,0,0,0,0,0,1,0,1
Matt,Harpring,0,0,0,0,0,0,0,0,0,0,0,0,0,0,0,0,0,0,1,0,1
Josh,Hart,0,0,0,0,0,0,0,0,0,0,0,0,0,0,0,0,0,0,1,0,1
Arnold,Hasselhoff,0,0,0,0,0,0,0,0,0,0,0,0,0,0,0,0,0,0,1,0,1
Cornelius,Hawkins,0,0,0,0,0,0,0,0,0,0,0,1,0,0,0,0,0,0,0,0,1
Hersey,Hawkins,0,0,0,0,0,0,0,0,0,0,0,0,0,0,0,0,0,0,1,0,1
Gordon,Hayward,0,0,0,0,0,0,0,0,0,0,0,0,0,0,0,0,0,0,1,0,1
Garfield,Heard,0,0,0,0,0,0,0,0,0,0,0,0,0,0,0,0,0,0,1,0,1
Cedric E.,Henderson,0,0,0,0,0,0,0,0,0,0,0,0,0,0,0,0,0,0,0,1,1
John,Henson,0,0,0,0,0,0,0,0,0,0,0,0,0,0,0,0,0,0,0,1,1
Tyler,Herro,0,0,0,0,0,0,0,0,0,0,0,0,0,0,0,0,0,0,0,1,1
Fred,Hetzel,0,0,0,0,0,0,0,0,0,0,0,0,0,0,0,0,0,0,1,0,1
Arthur,Heyman,0,0,0,0,0,0,0,0,0,0,0,0,0,0,0,0,0,0,1,0,1
Roy,Hibbert,0,0,0,0,0,0,0,0,0,1,0,0,0,0,0,0,0,0,0,0,1
J.J.,Hickson,0,0,0,0,0,0,0,0,0,0,0,0,0,0,0,0,0,0,0,1,1
Nene,Hilario,0,0,0,0,0,0,0,0,0,0,0,0,0,0,0,0,0,0,0,1,1
George,Hill,0,0,0,0,0,0,0,0,0,0,0,0,0,0,0,0,1,0,0,0,1
Lawrence,Hill,0,0,0,0,0,0,0,0,0,0,0,0,0,0,0,0,0,0,1,0,1
Douglas,Holcomb,0,0,0,0,0,0,0,0,0,0,0,0,0,0,0,0,0,0,1,0,1
Jrue,Holiday,0,0,0,0,0,0,0,0,0,0,0,0,0,0,0,0,0,0,0,1,1
Chet,Holmgren,0,0,0,0,0,0,0,0,0,0,0,0,0,0,0,0,0,0,1,0,1
Robert,Horry,0,0,0,0,0,0,0,0,0,0,0,0,0,0,0,0,0,0,0,1,1
Bailey,Howell,0,0,0,0,0,0,0,0,0,0,0,0,1,0,0,0,0,0,0,0,1
Kris,Humphries,0,0,0,0,0,0,0,0,0,0,0,0,0,0,0,0,0,0,1,0,1
De'Andre,Hunter,0,0,0,0,0,0,0,0,0,0,0,0,0,0,0,0,0,0,0,1,1
Lindsey,Hunter,0,0,0,0,0,0,0,0,0,0,0,0,0,0,0,0,0,0,0,1,1
Serge,Ibaka,0,0,0,0,0,0,0,0,0,0,0,0,0,0,0,0,0,0,0,1,1
Brandon,Ingram,0,0,0,0,0,0,0,0,0,0,0,0,0,0,0,0,0,0,1,0,1
Clark,Irving,0,0,0,0,0,0,0,0,0,0,0,0,0,0,0,0,0,0,0,1,1
Jaden,Ivey,0,0,0,0,0,0,0,0,0,0,0,0,0,0,0,0,0,0,1,0,1
Bobby,Jackson,0,0,0,0,0,0,0,0,0,0,0,0,0,0,0,0,0,0,0,1,1
Luke,Jackson,0,0,0,0,0,0,0,0,0,0,0,0,0,0,0,0,0,0,1,0,1
Marc,Jackson,0,0,0,0,0,0,0,0,0,0,0,0,0,0,0,0,0,0,1,0,1
Phil,Jackson,0,0,0,0,0,0,0,0,0,0,0,0,0,0,0,0,0,0,1,0,1
Antawn,Jamison,0,0,0,0,0,0,0,0,0,0,0,0,0,0,0,0,0,0,0,1,1
Richard,Jefferson,0,0,0,0,0,0,0,0,0,0,0,0,0,0,0,0,0,0,0,1,1
Brandon,Jennings,0,0,0,0,0,0,0,0,0,0,0,0,0,0,0,0,0,0,1,0,1
Pooh,Jeter,0,0,0,0,0,0,0,0,0,0,0,0,0,0,0,0,0,0,0,1,1
Joe,Johnson,0,0,0,0,0,0,0,0,0,0,0,0,0,0,0,0,0,0,0,1,1
Neil,Johnson,0,0,1,0,0,0,0,0,0,0,0,0,1,0,0,0,0,0,0,0,1
Wali,Jones,0,0,0,0,0,0,0,0,0,0,0,0,0,0,0,0,0,0,1,0,1
Leon,Karl,0,0,0,0,0,0,0,0,0,0,0,0,0,0,0,0,0,0,0,1,1
Clark,Kellogg,0,0,0,0,0,0,0,0,0,0,0,0,0,0,0,0,0,0,1,0,1
Franklin,Kersey,0,0,0,0,0,0,0,0,0,0,0,0,0,0,0,0,0,0,0,1,1
Stacey,King,0,0,0,0,0,0,0,0,0,0,0,0,0,0,0,0,0,0,0,1,1
Kerry,Kittles,0,0,0,0,0,0,0,0,0,0,0,0,0,0,0,0,0,0,0,1,1
Brevin,Knight,0,0,0,0,0,0,0,0,0,0,0,0,0,0,0,0,0,0,1,0,1
Geoffrey,Knight,0,1,1,0,0,0,0,0,0,0,0,0,0,0,0,0,0,0,0,0,1
Travis,Knight,0,0,0,0,0,0,0,0,0,0,0,0,0,0,0,0,0,0,0,1,1
Howard,Komives,0,0,0,0,0,0,0,0,0,0,0,0,0,0,0,0,0,0,1,0,1
Kyle,Korver,0,0,0,0,0,0,0,0,0,0,0,0,0,0,0,0,0,0,0,1,1
Jonathan,Kuminga,0,0,0,0,0,0,0,0,0,0,0,0,0,0,0,0,0,0,0,1,1
Mitch,Kupchak,0,0,0,0,0,0,0,0,0,0,0,0,0,0,0,0,0,0,1,0,1
Kyle,Kuzma,0,0,0,0,0,0,0,0,0,0,0,0,0,0,0,0,0,0,0,1,1
Rudy,LaRusso,0,0,0,0,0,0,0,0,0,0,0,0,0,0,0,1,0,0,0,0,1
Zach,LaVine,0,0,0,0,0,0,0,0,0,0,0,0,0,0,0,0,0,0,1,0,1
Christian,Laettner,0,0,0,0,0,0,0,0,0,0,0,0,0,0,0,0,0,0,1,0,1
Bill,Laimbeer,0,0,0,0,0,0,1,0,0,0,0,0,0,0,0,0,0,0,0,0,1
Bob,Landry,0,0,0,0,0,0,0,0,0,0,0,0,0,0,0,0,0,0,0,1,1
Bob,Lanier,0,0,0,0,0,0,0,0,0,0,0,0,0,0,0,0,0,0,1,0,1
Ron,Lee,0,0,0,0,0,0,0,0,1,0,0,0,0,0,0,0,0,0,0,0,1
Damian,Lillard,0,0,0,0,0,0,0,0,0,0,0,0,0,0,0,0,0,0,1,0,1
Jeremy,Lin,0,0,0,0,0,0,0,0,0,0,0,0,0,0,0,0,0,0,0,1,1
Shaun,Livingston,0,0,0,0,0,0,0,0,0,0,0,0,0,0,0,0,0,0,1,0,1
Kevin,Loder,0,0,0,0,0,0,0,0,0,0,0,0,0,0,0,0,0,0,1,0,1
Brook,Lopez,0,0,0,0,0,0,0,0,0,0,0,0,0,0,0,0,0,0,1,0,1
Clyde,Lovellette,0,0,0,0,0,0,0,0,0,0,0,0,1,0,0,0,0,0,0,0,1
Kyle,Lowry,0,0,0,0,0,0,0,0,0,0,0,0,1,0,0,0,0,0,0,0,1
John,Lucas,0,0,0,0,0,0,0,0,0,0,0,0,0,0,0,0,0,0,1,0,1
Trey,Lyles,0,0,0,0,0,0,0,0,0,0,0,0,0,0,0,0,0,0,1,0,1
Mark,Macon,0,0,0,0,0,0,0,0,0,0,0,0,0,0,0,0,0,0,0,1,1
Rick,Mahorn,0,0,0,0,0,0,0,0,0,0,0,0,0,0,0,1,0,0,0,0,1
Jeff,Malone,0,0,0,0,0,0,0,0,0,0,0,0,0,0,0,0,0,0,1,0,1
Matt,Maloney,0,0,0,0,0,0,0,0,0,0,0,0,0,0,0,0,0,0,0,1,1
Danny,Manning,0,0,0,0,0,0,0,0,0,0,0,0,0,0,0,0,1,0,0,0,1
Jack,Marin,0,0,0,0,0,0,0,0,0,0,0,0,0,0,0,0,0,0,1,0,1
Donyell,Marshall,0,0,0,0,0,0,0,0,0,0,0,0,0,0,0,0,0,0,0,1,1
Kenyon,Martin,0,0,0,0,0,0,0,0,0,0,0,0,0,0,0,0,0,0,1,0,1
Jamal,Mashburn,0,0,0,0,0,0,0,0,0,0,0,0,0,0,0,0,0,0,1,0,1
Desmond,Mason,0,0,0,0,0,0,0,0,0,0,0,0,0,0,0,0,0,0,0,1,1
Cedric,Maxwell,0,1,1,0,0,0,0,0,0,0,0,0,0,0,0,0,0,0,0,0,1
Scott,May,0,0,0,0,0,0,0,0,0,0,0,0,0,0,0,0,0,0,1,0,1
O.J.,Mayo,0,0,0,0,0,0,0,0,0,0,0,0,0,0,0,0,0,0,0,1,1
Travis,Mays,0,0,0,0,0,0,0,0,0,0,0,0,0,0,0,0,0,0,0,1,1
Floyd,McCloud,0,0,0,0,0,0,0,0,0,0,0,0,0,0,0,0,0,0,0,1,1
C.J.,McCollum,0,0,0,0,0,0,0,0,0,0,0,0,0,0,0,0,1,0,0,0,1
Brook,McGuire,0,0,0,0,0,0,0,0,0,0,0,0,0,0,0,0,0,0,1,0,1
Richard,McGuire,0,0,0,0,0,0,0,0,0,0,0,0,1,0,0,0,0,0,0,0,1
Aaron,McKie,0,0,0,0,0,0,0,0,0,0,0,0,0,0,0,0,1,0,0,0,1
Xavier,Mcdaniel,0,0,0,0,0,0,0,0,0,0,0,0,0,0,0,0,0,0,1,0,1
Monk,Meineke,0,0,0,0,1,0,0,0,0,0,0,0,0,0,0,0,0,0,0,0,1
Ron,Mercer,0,0,0,0,0,0,0,0,0,0,0,0,0,0,0,0,0,0,1,0,1
Joe,Meriweather,0,0,0,0,0,0,0,0,0,0,0,0,0,0,0,0,0,0,1,0,1
Khris,Middleton,0,0,0,0,0,0,0,0,0,0,0,0,0,0,0,0,0,0,0,1,1
Chris,Mihm,0,0,0,0,0,0,0,0,0,0,0,0,0,0,0,0,0,0,0,1,1
Darius,Miles,0,0,0,0,0,0,0,0,0,0,0,0,0,0,0,0,0,0,1,0,1
Paul,Millsap,0,0,0,0,0,0,0,0,0,0,0,0,0,0,0,0,0,0,1,0,1
Donovan,Mitchell,0,0,0,0,0,0,0,0,0,0,0,0,0,0,0,0,0,0,0,1,1
Cuttino,Mobley,0,0,0,0,0,0,0,0,0,0,0,0,0,0,0,0,0,0,0,1,1
Eric,Montross,0,0,0,0,0,0,0,0,0,0,0,0,0,0,0,0,0,0,0,1,1
Johnny,Moore,0,0,0,0,0,0,0,1,0,0,0,0,0,0,0,0,0,0,0,0,1
Chris,Morris,0,0,0,0,0,0,0,0,0,0,0,0,0,0,0,0,0,0,0,1,1
Emmanuel,Mudiay,0,0,0,0,0,0,0,0,0,0,0,0,0,0,0,0,0,0,0,1,1
Erwin,Mueller,0,0,0,0,0,0,0,0,0,0,0,0,0,0,0,0,0,0,1,0,1
Calvin,Murphy,0,0,0,0,0,0,0,0,0,0,0,0,0,0,0,0,0,0,1,0,1
Dejounte,Murray,0,0,0,0,0,0,0,0,0,0,0,0,0,0,0,1,0,0,0,0,1
Jamal,Murray,0,0,0,0,0,0,0,0,0,0,0,0,0,0,0,0,0,0,1,0,1
Swen,Nater,0,0,0,0,0,0,1,0,0,0,0,0,0,0,0,0,0,0,0,0,1
Calvin,Natt,0,0,0,0,0,0,0,0,0,0,0,0,0,0,0,0,0,0,1,0,1
Lloyd,Neal,0,0,0,0,0,0,0,0,0,0,0,0,0,0,0,0,0,0,1,0,1
Norm,Nixon,0,0,1,0,0,0,0,0,0,0,1,0,0,0,0,0,0,0,0,0,1
Norman,Nixon,0,0,0,0,0,0,0,0,0,0,0,0,0,0,0,0,0,0,1,0,1
Royce,O'Neale,0,0,0,0,0,0,0,0,0,0,0,0,0,0,0,0,0,0,0,1,1
Lamar,Odom,0,0,0,0,0,0,0,0,0,0,0,0,0,0,0,0,0,0,1,0,1
Emeka,Okafor,0,0,0,0,0,0,0,0,0,0,0,0,0,0,0,0,0,0,1,0,1
Jahlil,Okafor,0,0,0,0,0,0,0,0,0,0,0,0,0,0,0,0,0,0,0,1,1
Isaac,Okoro,0,0,0,0,0,0,0,0,0,0,0,0,0,0,0,0,0,0,0,1,1
Michael,Olowokandi,0,0,0,0,0,0,0,0,0,0,0,0,0,0,0,0,0,0,0,1,1
Billy,Owens,0,0,0,0,0,0,0,0,0,0,0,0,0,0,0,0,0,0,1,0,1
Tony,Parker,0,0,0,0,0,0,0,0,0,0,0,0,0,0,0,0,0,0,1,0,1
Nikola,Pekovic,0,0,0,0,0,0,0,0,0,0,0,0,0,0,0,0,1,0,0,0,1
Sam,Perkins,0,0,0,0,0,0,0,0,0,0,0,0,0,0,0,0,0,0,1,0,1
Wesley,Person,0,0,0,0,0,0,0,0,0,0,0,0,0,0,0,0,0,0,0,1,1
Morris,Peterson,0,0,0,0,0,0,0,0,0,0,0,0,0,0,0,0,0,0,1,0,1
Drazen,Petrovic,0,0,0,0,0,0,0,0,0,0,0,0,0,1,0,0,0,0,0,0,1
Bobby,Phills,0,0,0,0,0,0,0,0,0,0,0,0,0,0,0,1,0,0,0,0,1
Otto,Porter,0,0,0,0,0,0,0,0,0,0,0,0,0,0,0,0,0,0,0,1,1
Kristaps,Porzingis,0,0,0,0,0,0,0,0,0,0,0,0,0,0,0,0,0,0,1,0,1
James,Posey,0,0,0,0,0,0,0,0,0,0,0,0,0,0,0,0,0,0,0,1,1
Dino,Radja,0,0,0,0,0,0,0,0,0,0,0,0,0,0,0,0,0,0,0,1,1
Vladimir,Radmanovic,0,0,0,0,0,0,0,0,0,0,0,0,0,0,0,0,0,0,0,1,1
Zach,Randolph,0,0,0,0,0,0,0,0,0,0,0,0,0,1,0,0,0,0,0,0,1
Kelvin,Ransey,0,0,0,0,0,0,0,0,0,0,0,0,0,0,0,0,0,0,1,0,1
Clifford,Ray,0,0,0,0,0,0,0,0,0,0,0,0,0,0,0,0,0,0,1,0,1
Zeljko,Rebraca,0,0,0,0,0,0,0,0,0,0,0,0,0,0,0,0,0,0,0,1,1
Quincy,Redd,0,0,0,0,0,0,0,0,0,0,0,0,0,0,0,0,0,0,1,0,1
David,Reece,0,0,0,0,0,0,0,0,0,0,0,0,0,0,0,0,0,0,0,1,1
Bryant,Reeves,0,0,0,0,0,0,0,0,0,0,0,0,0,0,0,0,0,0,0,1,1
J.R.,Reid,0,0,0,0,0,0,0,0,0,0,0,0,0,0,0,0,0,0,0,1,1
Pooh,Richardson,0,0,0,0,0,0,0,0,0,0,0,0,0,0,0,0,0,0,1,0,1
Isaiah,Rider,0,0,0,0,0,0,0,0,0,0,0,0,0,0,0,0,0,0,1,0,1
Michael,Riordan,0,0,0,0,0,0,0,0,0,0,0,0,0,0,0,1,0,0,0,0,1
Arnie,Risen,0,0,0,0,0,0,0,0,0,0,0,0,1,0,0,0,0,0,0,0,1
Stanley,Roberts,0,0,0,0,0,0,0,0,0,0,0,0,0,0,0,0,0,0,0,1,1
Rick,Robey,0,0,0,0,0,0,0,0,0,0,0,1,0,0,0,0,0,0,0,0,1
Clifford,Robinson,0,0,0,0,0,0,0,0,0,0,0,0,0,0,0,1,0,0,0,0,1
Glenn,Robinson,0,0,0,0,0,0,0,0,0,0,0,0,0,0,0,0,0,0,1,0,1
Glenn,Robinson III,0,0,0,0,0,0,0,0,0,0,0,0,0,0,0,0,0,0,1,0,1
Jeremiah,Robinson-Earl,0,0,0,0,0,0,0,0,0,0,0,0,0,0,0,0,0,0,0,1,1
Abraham,Rodman,0,0,0,0,0,0,0,0,0,0,0,0,0,0,0,0,0,0,0,1,1
Rodney,Rogers,0,0,0,0,0,0,0,0,0,0,0,0,0,0,0,0,1,0,0,0,1
Rajon,Rondo,0,0,0,0,0,0,0,0,0,0,0,0,0,0,0,0,0,0,0,1,1
Jalen,Rose,0,0,0,0,0,0,0,0,0,0,0,0,0,0,0,0,0,0,0,1,1
John,Rudd,0,0,0,0,0,0,0,0,0,0,0,0,0,0,0,0,0,0,1,0,1
Cazzie,Russell,0,0,0,0,0,0,0,0,0,0,0,0,0,0,0,0,0,0,1,0,1
D'Angelo,Russell,0,0,0,0,0,0,0,0,0,0,0,0,1,0,0,0,0,0,0,0,1
Arvydas,Sabonis,0,0,0,0,0,0,0,0,0,0,0,0,0,0,0,0,0,0,1,0,1
Domantas,Sabonis,0,0,0,0,0,0,0,0,0,0,0,0,0,0,0,0,0,0,0,1,1
Edward,Sadowski,0,0,0,0,0,0,0,0,0,0,0,1,0,0,0,0,0,0,0,0,1
Kenneth,Sailors,0,0,0,0,0,0,0,0,0,0,0,0,1,0,0,0,0,0,0,0,1
Thomas,Sanders,0,0,1,0,0,0,0,0,0,0,0,0,0,0,0,1,0,0,0,0,1
Dario,Saric,0,0,0,0,0,0,0,0,0,0,0,0,0,0,0,0,0,0,0,1,1
Woody,Sauldsberry,0,0,0,0,1,0,0,0,0,0,0,0,0,0,0,0,0,0,0,0,1
Fred,Schaus,0,0,0,0,0,0,0,0,0,0,0,0,1,0,0,0,0,0,0,0,1
Dennis,Schroder,0,0,0,0,0,0,0,0,0,0,0,0,0,0,0,0,0,0,1,0,1
Byron,Scott,0,0,0,0,0,0,0,0,0,0,0,0,0,0,0,0,0,0,1,0,1
Dennis,Scott,0,0,0,0,0,0,0,0,0,0,0,0,0,0,0,0,0,0,1,0,1
Alperen,Sengun,0,0,0,0,0,0,0,0,0,0,0,0,0,0,0,0,0,0,0,1,1
Shaedon,Sharpe,0,0,0,0,0,0,0,0,0,0,0,0,0,0,0,0,0,0,0,1,1
Brian,Shaw,0,0,0,0,0,0,0,0,0,0,0,0,0,0,0,0,0,0,0,1,1
Lonnie,Shelton,0,0,0,0,0,0,0,0,0,0,0,0,0,0,0,1,0,0,0,0,1
John,Shumate,0,0,0,0,0,0,0,0,0,0,0,0,0,0,0,0,0,0,1,0,1
Pascal,Siakam,0,0,0,0,0,0,0,0,0,0,0,0,0,0,0,0,0,0,0,1,1
Lionel,Simmons,0,0,0,0,0,0,0,0,0,0,0,0,0,0,0,0,0,0,1,0,1
Conrad,Sims,0,0,0,0,0,0,0,0,0,0,0,0,0,0,0,0,0,0,1,0,1
Cody,Singletary,0,0,0,0,0,0,0,0,0,0,0,0,0,0,0,0,1,0,0,0,1
Marcus,Smart,0,0,0,0,0,0,0,0,0,0,0,0,0,0,0,0,0,0,0,1,1
Charles,Smith,0,0,0,0,0,0,0,0,0,0,0,0,0,0,0,0,0,0,1,0,1
Edward,Smith,0,0,0,0,0,0,0,0,0,0,0,0,1,0,0,0,0,0,0,0,1
J.R.,Smith,0,0,0,0,0,0,0,0,0,0,0,0,0,0,0,0,0,0,0,1,1
Joe,Smith,0,0,0,0,0,0,0,0,0,0,0,0,0,0,0,0,0,0,1,0,1
Josh,Smith,0,0,0,0,0,0,0,0,0,0,0,0,0,0,0,0,0,0,0,1,1
Kenny,Smith,0,0,0,0,0,0,0,0,0,0,0,0,0,0,0,0,0,0,1,0,1
Larry,Smith,0,0,0,0,0,0,0,0,0,0,0,0,0,0,0,0,0,0,1,0,1
Steve,Smith,0,0,0,0,0,0,0,0,0,0,0,0,0,0,0,0,0,0,1,0,1
Jabari,Smith Jr.,0,0,0,0,0,0,0,0,0,0,0,0,0,0,0,0,0,0,1,0,1
Rik,Smits,0,0,0,0,0,0,0,0,0,0,0,0,0,0,0,0,0,0,1,0,1
Christophe,Sonnet,0,0,0,0,0,0,0,0,0,0,0,0,0,0,0,0,1,0,0,0,1
Felton,Spencer,0,0,0,0,0,0,0,0,0,0,0,0,0,0,0,0,0,0,0,1,1
Jerry,Stackhouse,0,0,0,0,0,0,0,0,0,0,0,0,0,0,0,0,0,0,1,0,1
Larry,Steele,0,0,0,0,0,0,0,0,1,0,0,0,0,0,0,0,0,0,0,0,1
Larry,Stewart,0,0,0,0,0,0,0,0,0,0,0,0,0,0,0,0,0,0,0,1,1
Stephen,Stipanovich,0,0,0,0,0,0,0,0,0,0,0,0,0,0,0,0,0,0,1,0,1
Rodney,Stuckey,0,0,0,0,0,0,0,0,0,0,0,0,0,0,0,0,0,0,1,0,1
Wally,Szczerbiak,0,0,0,0,0,0,0,0,0,0,0,0,0,0,0,0,0,0,1,0,1
Jae'Sean,Tate,0,0,0,0,0,0,0,0,0,0,0,0,0,0,0,0,0,0,0,1,1
Brian,Taylor,0,0,0,0,0,0,0,0,0,0,0,0,0,0,0,1,0,0,0,0,1
Maurice,Taylor,0,0,0,0,0,0,0,0,0,0,0,0,0,0,0,0,0,0,0,1,1
Jeff,Teague,0,0,0,0,0,0,0,0,0,0,0,0,0,0,0,0,0,0,0,1,1
Jason,Terry,0,0,0,0,0,0,0,0,0,0,0,0,0,0,0,0,0,0,0,1,1
Daniel,Theis,0,0,0,0,0,0,0,0,0,0,0,0,0,0,0,0,0,0,0,1,1
Gabe,Theus,0,0,0,0,0,0,0,0,0,0,0,0,0,0,0,0,0,0,1,0,1
Reggie,Theus,0,0,0,0,0,0,0,0,0,0,0,0,0,0,0,0,0,0,1,0,1
Tim,Thomas,0,0,0,0,0,0,0,0,0,0,0,0,0,0,0,0,0,0,0,1,1
Mychal,Thompson,0,0,0,0,0,0,0,0,0,0,0,0,0,0,0,0,0,0,1,0,1
Rod,Thorn,0,0,0,0,0,0,0,0,0,0,0,0,0,0,0,0,0,0,1,0,1
Al,Thornton,0,0,0,0,0,0,0,0,0,0,0,0,0,0,0,0,0,0,0,1,1
Matisse,Thybulle,0,0,0,0,0,0,0,0,0,0,0,0,0,0,0,0,0,0,0,1,1
Jamaal,Tinsley,0,0,0,0,0,0,0,0,0,0,0,0,0,0,0,0,0,0,0,1,1
Raymond,Townsend,0,0,0,0,0,0,0,0,0,0,0,0,0,0,0,0,0,0,1,0,1
Richard,Triptow,0,0,0,0,0,0,0,0,0,0,0,0,0,0,0,0,0,0,1,0,1
Kelly,Tripucka,0,0,0,0,0,0,0,0,0,0,1,0,0,0,0,0,0,0,0,0,1
Hedo,Turkoglu,0,0,0,0,0,0,0,0,0,0,0,0,0,0,0,0,0,0,0,1,1
Evan,Turner,0,0,0,0,0,0,0,0,0,0,0,0,0,0,0,0,0,0,0,1,1
Terry,Tyler,0,0,0,0,0,0,0,0,0,0,0,0,0,0,0,0,0,0,1,0,1
Beno,Udrih,0,0,0,0,0,0,0,0,0,0,0,0,0,0,0,0,0,0,0,1,1
Thomas,Van Arsdale,0,0,0,0,0,0,0,0,0,0,0,0,0,0,0,0,0,0,1,0,1
Nick,Van Exel,0,0,0,0,0,0,0,0,0,0,0,0,0,0,0,0,0,0,0,1,1
Keith,Van Horn,0,0,0,0,0,0,0,0,0,0,0,0,0,0,0,0,0,0,1,0,1
Norm,Van Lier,0,0,0,0,0,0,0,1,0,0,0,0,0,0,0,0,0,0,0,0,1
Anderson,Varejao,0,0,0,0,0,0,0,0,0,0,0,0,0,0,0,0,0,0,0,1,1
Jay,Vincent,0,0,0,0,0,0,0,0,0,0,0,0,0,0,0,0,0,0,1,0,1
Danny,Vranes,0,0,0,0,0,0,0,0,0,0,0,0,0,0,0,1,0,0,0,0,1
Nikola,Vucevic,0,0,1,0,0,0,0,0,0,0,0,0,0,0,0,0,0,0,0,1,1
Dajuan,Wagner,0,0,0,0,0,0,0,0,0,0,0,0,0,0,0,0,0,0,0,1,1
Franz,Wagner,0,0,0,0,0,0,0,0,0,0,0,0,0,0,0,0,0,0,0,1,1
Milt,Wagner,0,0,0,0,0,0,0,0,0,0,0,0,0,0,0,0,0,0,1,0,1
Antoine,Walker,0,0,0,0,0,0,0,0,0,0,0,0,0,0,0,0,0,0,1,0,1
Darrell,Walker,0,0,0,0,0,0,0,0,0,0,0,0,0,0,0,0,0,0,1,0,1
Kemba,Walker,0,0,0,0,0,0,0,0,0,0,0,0,0,0,0,0,0,0,0,1,1
Rasheed,Wallace,0,0,0,0,0,0,0,0,0,0,0,0,0,0,0,0,0,0,0,1,1
P.J.,Washington,0,0,0,0,0,0,0,0,0,0,0,0,0,0,0,0,0,0,0,1,1
Stanley,Washington,0,0,0,0,0,0,0,0,0,0,0,0,0,0,1,0,0,0,0,0,1
Clarence,Weatherspoon,0,0,0,0,0,0,0,0,0,0,0,0,0,0,0,0,0,0,0,1,1
Nick,Weatherspoon,0,0,0,0,0,0,0,0,0,0,0,0,0,0,0,0,0,0,1,0,1
David,West,0,0,0,0,0,0,0,0,0,0,0,0,0,0,0,0,0,0,0,1,1
Coby,White,0,0,0,0,0,0,0,0,0,0,0,0,0,0,0,0,0,0,1,0,1
Jo Jo,White,0,1,1,0,0,0,0,0,0,0,0,0,0,0,0,0,0,0,0,0,1
Hassan,Whiteside,0,0,0,0,0,0,0,0,0,0,0,0,0,0,0,0,0,0,1,0,1
Andrew,Wiggins,0,0,0,0,0,0,0,0,0,0,0,0,0,0,0,0,0,0,0,1,1
Lenny,Wilkens,0,0,0,0,0,0,0,1,0,0,0,0,0,0,0,0,0,0,0,0,1
Deron,Williams,0,0,0,0,0,0,0,0,0,0,0,0,0,0,0,0,0,0,0,1,1
Jason,Williams,0,0,0,0,0,0,0,0,0,0,0,0,0,0,0,0,0,0,1,0,1
Jay,Williams,0,0,0,0,0,0,0,0,0,0,0,0,0,0,0,0,0,0,0,1,1
John,Williams,0,0,0,0,0,0,0,0,0,0,0,0,0,0,0,0,0,0,1,0,1
Louis,Williams,0,0,0,0,0,0,0,0,0,0,0,0,0,0,0,0,0,0,1,0,1
Marvin,Williams,0,0,0,0,0,0,0,0,0,0,0,0,0,0,0,0,0,0,1,0,1
Micheal,Williams,0,0,0,0,0,0,0,0,0,0,0,0,0,0,0,1,0,0,0,0,1
Walt,Williams,0,0,0,0,0,0,0,0,0,0,0,0,0,0,0,0,0,0,0,1,1
Corliss,Williamson,0,0,0,0,0,0,0,0,0,0,0,0,0,0,0,0,1,0,0,0,1
Kevin,Willis,0,0,0,0,0,0,0,0,0,0,0,0,0,1,0,0,0,0,0,0,1
Brian,Winters,0,0,0,0,0,0,0,0,0,0,0,0,0,0,0,0,0,0,1,0,1
James,Wiseman,0,0,0,0,0,0,0,0,0,0,0,0,0,0,0,0,0,0,1,0,1
Sharone,Wright,0,0,0,0,0,0,0,0,0,0,0,0,0,0,0,0,0,0,0,1,1
Geraldo,Wright-Foreman,0,0,0,0,0,0,0,0,0,0,0,0,0,0,0,0,0,0,1,0,1
Jianlian,Yi,0,0,0,0,0,0,0,0,0,0,0,0,0,0,0,0,0,0,0,1,1
Lenny,York,0,0,0,0,0,0,0,0,0,0,0,0,0,0,0,0,0,0,0,1,1
Nick,Young,0,0,0,0,0,0,0,0,0,0,0,0,0,0,0,0,0,0,0,1,1
Cody,Zeller,0,0,0,0,0,0,0,0,0,0,0,0,0,0,0,0,0,0,1,0,1
Ivica,Zubac,0,0,0,0,0,0,0,0,0,0,0,0,0,0,0,0,0,0,0,1,1
