名字,姓氏,MVP,FMVP,总冠军,最佳防守球员,最佳新秀,得分王,篮板王,助攻王,抢断王,盖帽王,上场时间王,最佳一阵,最佳二阵,最佳三阵,防一阵,防二阵,最佳第六人,进步最快,新秀一阵,新秀二阵,荣誉总计,场均得分,场均篮板,场均助攻,场均抢断,场均盖帽,场均失误,投篮命中率,出场总数
Kobe,Bryant,5,7,10,0,0,6,0,0,1,0,3,15,3,1,11,7,0,0,0,1,60,27.86,5.76,5.13,1.78,0.5,2.83,55.0,1726
Tim,Duncan,3,2,2,5,1,0,2,0,0,7,0,12,3,3,16,2,0,0,1,0,57,23.52,12.53,3.35,0.94,2.42,2.27,57.0,1671
Michael,Jordan,5,6,6,1,1,10,0,0,3,0,2,10,1,0,9,0,0,0,1,0,49,30.34,6.2,5.3,2.32,0.8,2.9,49.7,1072
Wilt,Chamberlain,4,1,2,0,1,7,11,0,0,0,9,7,3,0,2,0,0,0,0,0,45,30.10,22.90,4.4,0.8,0.4,3.5,54.0,1045
Kareem,Abdul-Jabbar,6,2,3,0,1,2,1,0,0,4,0,10,5,0,5,6,0,0,1,0,43,24.60,11.20,3.63,0.9,2.00,1.62,56.0,1560
Chris,Paul,2,0,4,0,1,0,0,8,6,0,2,5,5,1,2,5,0,0,1,0,38,22.64,4.5,10.21,2.00,0.2,3.01,52.0,1385
LeBron,James,5,2,2,0,1,1,0,0,0,0,1,17,3,0,2,2,0,0,1,0,35,28.67,8.11,8.39,1.53,1.39,2.38,58.0,1640
Hakeem,Olajuwon,1,2,2,2,0,0,2,0,0,3,0,6,3,3,5,4,0,0,1,0,32,20.17,10.50,2.5,1.65,2.89,2.80,51.2,1402
Kevin,Durant,1,0,0,0,1,1,0,0,1,0,1,2,10,4,1,7,0,0,1,0,30,26.15,7.62,4.59,1.32,1.55,2.14,50.1,1476
Dwyane,Wade,0,0,0,0,0,0,0,0,3,0,0,3,6,1,12,3,0,0,1,0,29,23.76,4.7,7.98,1.85,1.61,2.74,54.0,1244
Anthony,Davis,0,0,0,0,1,0,0,0,0,2,0,4,6,2,9,3,0,0,1,0,28,24.0,10.4,2.5,1.3,2.4,2.4,52.0,787
Shaquille,O'Neal,1,3,6,0,1,2,0,0,0,0,0,7,3,5,0,4,0,0,1,0,27,26.34,11.73,2.5,0.6,2.29,2.36,59.0,1248
Derrick,Rose,2,0,0,0,1,1,0,3,1,0,4,5,3,6,0,0,0,0,1,0,27,25.72,3.2,8.01,1.35,0.3,2.56,47.1,1383
John,Stockton,0,0,0,0,0,0,0,9,2,0,0,2,6,3,0,5,0,0,0,0,27,12.73,2.7,10.43,2.12,0.2,2.78,51.5,1586
Dwight,Howard,0,0,0,2,1,0,1,0,0,0,0,6,1,3,7,3,0,0,1,0,25,21.21,10.89,1.3,1.01,1.97,1.88,62.0,1306
Jason,Kidd,0,0,0,0,1,0,0,3,3,0,0,5,2,1,3,6,0,0,1,0,25,16.10,6.3,9.16,1.96,0.3,3.16,40.0,1309
David,Robinson,1,0,0,1,1,1,1,0,0,1,0,4,2,4,4,4,0,0,1,0,25,18.68,9.91,2.5,1.30,2.70,2.5,51.8,987
Giannis,Antetokounmpo,0,1,1,7,0,0,0,0,0,0,0,0,2,5,8,0,0,0,1,0,24,23.9,10.0,4.9,1.1,1.2,3.2,55.6,859
Kevin,Garnett,0,0,0,0,0,0,4,0,0,0,0,4,8,1,4,2,0,0,0,1,24,21.91,11.31,4.21,1.14,1.42,2.24,54.0,1757
John,Havlicek,0,1,7,0,0,0,0,0,0,0,2,4,7,0,5,3,0,0,1,0,23,20.80,6.3,4.81,1.2,0.6,2.8,47.1,1270
Magic,Johnson,3,3,5,0,0,0,0,4,2,0,0,9,1,0,0,0,0,0,1,0,23,19.50,7.2,11.20,1.90,0.4,3.9,52.0,906
Bill,Russell,5,0,11,0,0,0,5,0,0,0,1,3,8,0,1,0,0,0,0,0,23,15.1,22.50,4.3,,,,44.0,963
Larry,Bird,3,2,3,0,1,0,0,0,0,0,2,9,1,0,0,3,0,0,1,0,22,24.30,10.00,6.30,1.70,0.8,3.0,49.6,897
Moses,Malone,3,1,1,0,0,0,6,0,0,0,2,4,4,0,1,1,0,0,0,0,22,20.60,12.20,1.4,0.8,1.30,2.86,49.1,1329
Oscar,Robertson,1,0,1,0,1,1,0,7,0,0,1,9,2,0,0,0,0,0,0,0,22,25.70,7.5,9.50,,0.1,3.8,48.5,1040
Ming,Yao,0,0,0,0,1,0,3,0,0,2,0,3,5,3,1,3,0,0,1,0,22,20.04,12.06,1.6,0.5,2.10,2.2,55.0,1230
Elton,Brand,0,0,0,0,1,0,1,0,0,1,0,0,5,4,1,6,1,0,1,0,21,22.96,11.66,2.1,0.95,2.08,2.12,56.0,1383
Bob,Cousy,1,0,6,0,0,0,0,8,0,0,0,10,2,0,0,0,0,0,0,0,21,18.40,5.2,7.50,,,,37.5,917
James,Harden,0,1,1,0,0,5,0,1,0,0,1,7,0,3,0,1,1,0,1,0,21,24.94,5.6,6.66,1.10,0.6,1.95,44.3,1312
Karl,Malone,2,0,0,0,0,0,0,0,0,0,0,11,2,1,3,1,0,0,1,0,21,24.56,9.99,3.6,1.38,0.8,2.99,52.0,1515
Gary,Payton,0,0,0,1,0,0,0,0,1,0,0,2,5,2,9,0,0,0,0,1,21,,3.9,6.96,1.99,0.2,,46.6,1335
Jerry,West,0,1,2,0,0,1,0,1,0,0,0,10,2,0,4,1,0,0,0,0,20,27.00,5.8,6.70,1.4,0.5,3.3,47.4,932
Allen,Iverson,1,0,0,0,1,3,0,0,2,0,3,5,2,1,0,0,0,0,1,0,19,26.91,3.7,6.2,1.95,0.2,3.6,42.5,914
Dikembe,Mutombo,0,0,0,4,0,0,2,0,0,3,0,0,1,2,3,3,0,0,1,0,19,9.8,11.12,1.0,,3.03,1.8,51.8,1001
Dennis,Rodman,0,0,5,2,0,0,7,0,0,0,0,0,0,2,7,1,0,0,0,0,19,7.3,13.10,1.8,0.7,0.6,,52.0,911
Karl-Anthony,Towns,0,0,0,0,1,0,4,0,0,0,1,4,2,2,3,1,0,0,1,0,19,,,,,,,,
Stephen,Curry,0,0,0,0,1,1,0,1,0,0,0,4,4,5,0,0,0,1,1,0,18,26.71,4.7,6.85,1.34,0.2,2.44,47.3,1312
Andrei,Kirilenko,0,0,0,3,0,0,0,0,2,2,0,0,0,0,6,4,0,0,1,0,18,11.8,5.5,2.7,1.63,2.06,1.8,47.4,798
Scottie,Pippen,0,0,6,0,0,0,0,0,1,0,0,3,2,2,8,2,0,0,0,0,18,16.1,6.4,5.2,1.96,0.8,2.8,47.3,1178
Chris,Bosh,0,0,1,0,0,0,0,0,0,0,1,2,2,5,2,4,0,0,1,0,17,22.32,9.47,3.53,1.10,1.55,2.10,47.2,1543
DeMarcus,Cousins,0,0,0,0,0,0,0,0,0,0,0,5,4,4,1,2,0,0,1,0,17,22.25,9.92,3.2,1.2,1.45,3.3,46.9,1230
Luka,Doncic,3,4,4,0,1,2,0,0,0,0,1,5,0,0,0,0,0,0,1,0,17,28.7,8.7,8.3,1.2,0.4,4.0,47.6,515
Paul,George,0,0,1,0,0,0,0,0,0,0,0,0,4,1,9,2,0,0,0,0,16,20.4,6.4,3.5,1.6,0.4,2.8,45.3,908
Tracy,McGrady,0,0,0,0,0,4,0,0,0,0,0,1,5,4,0,1,0,1,0,0,16,25.29,5.01,3.37,1.11,0.73,2.25,54.0,1631
Bob,Pettit,2,0,1,0,1,2,0,0,0,0,0,10,1,0,0,0,0,0,0,0,16,26.40,16.20,3.0,0.5,0.3,2.8,43.3,792
Ben,Wallace,0,0,0,4,0,0,2,0,0,1,0,0,0,2,4,2,0,0,0,0,15,,10.42,,,1.97,,,
Carmelo,Anthony,1,2,2,0,0,0,0,0,0,0,0,4,3,3,0,0,0,0,1,0,14,26.02,6.92,5.27,1.19,1.21,2.32,53.0,1547
Charles,Barkley,1,0,0,0,0,0,1,0,0,0,0,5,5,1,0,0,0,0,1,0,14,22.10,11.70,4.1,1.50,0.8,3.1,54.0,1073
Walt,Frazier,0,0,2,0,0,0,0,0,0,0,0,4,2,0,7,0,0,0,1,0,14,18.90,,6.10,,,,,
Elvin,Hayes,0,0,0,0,0,1,2,0,0,0,2,3,3,0,0,2,0,0,1,0,14,21.00,12.50,1.4,1.0,1.40,2.6,45.2,1303
Chris,Webber,0,0,0,0,1,0,1,0,0,0,0,1,4,3,1,1,0,0,1,0,13,20.67,9.96,4.2,1.35,1.73,2.7,47.9,831
Patrick,Ewing,0,0,0,0,1,0,0,0,0,0,0,1,6,0,0,3,0,0,1,0,12,21.00,9.80,1.9,1.0,2.40,2.7,50.4,1183
Dennis,Johnson,0,1,3,0,0,0,0,0,0,0,0,1,1,0,6,3,0,0,0,0,12,14.1,3.9,5.0,1.30,0.6,,44.9,1100
Sidney,Moncrief,0,0,0,2,0,0,0,0,0,0,0,1,4,0,4,1,0,0,0,0,12,,,,,,,,
Joakim,Noah,0,0,0,3,0,0,1,0,0,0,0,1,0,1,5,1,0,0,0,0,12,,10.49,,,1.70,,,
Alvin,Robertson,0,0,0,1,0,0,0,0,3,0,0,0,1,0,2,4,0,1,0,0,12,,,,2.70,,,,
Adolph,Schayes,0,0,1,0,0,0,0,0,0,0,0,6,6,0,0,0,0,0,0,0,12,,,,,,,,
Ben,Simmons,1,1,1,0,1,0,0,0,0,0,0,2,0,2,1,3,0,0,1,0,12,15.4,8.0,7.4,1.5,0.7,3.0,53.9,416
Russell,Westbrook,0,0,0,0,0,0,0,0,1,0,0,0,3,3,1,2,1,1,0,0,12,21.16,7.5,6.59,1.24,0.3,2.09,43.8,1394
Rick,Barry,0,1,1,0,1,1,0,0,1,0,0,5,1,0,0,0,0,0,1,0,11,23.20,,,1.40,,,,
Elgin,Baylor,0,0,0,0,1,0,0,0,0,0,0,10,0,0,0,0,0,0,0,0,11,27.40,13.50,4.3,0.8,0.4,3.2,43.1,846
Mark,Eaton,0,0,0,2,0,0,0,0,0,4,0,0,0,0,3,2,0,0,0,0,11,,,,,3.50,,,
Joel,Embiid,0,1,1,0,0,0,0,0,0,2,0,0,0,2,3,2,0,0,1,0,11,,,,,,,,
George,Gervin,0,0,0,0,0,4,0,0,0,0,0,5,2,0,0,0,0,0,0,0,11,26.20,5.3,2.6,1.2,,2.2,,791
George,Mikan,0,0,5,0,0,3,2,0,0,0,0,6,0,0,0,0,0,0,0,0,11,23.1,13.4,2.8,,,,40.4,439
Willis,Reed,1,2,2,0,1,0,0,0,0,0,0,1,4,0,1,0,0,0,1,0,11,18.70,12.90,1.8,,0.6,,47.6,650
Ron,Artest,0,0,0,0,0,0,0,0,0,0,0,0,0,0,4,5,0,0,0,1,10,,,,1.85,,,,
Lonzo,Ball,0,0,0,0,1,0,0,4,1,0,0,0,0,0,1,2,0,0,1,0,10,,,,,,,,
Joe,Dumars,0,1,2,0,0,0,0,0,0,0,0,0,1,2,4,1,0,0,1,0,10,,,,,,,,
Bobby,Jones,0,0,1,0,0,0,0,0,0,0,0,0,0,0,8,1,1,0,0,0,10,,,,,,,,
Kevin,Love,0,0,0,0,0,0,3,0,0,0,0,0,3,3,0,0,0,0,1,0,10,22.89,12.29,2.5,0.9,0.3,2.0,45.2,1368
Bob,McAdoo,1,0,0,0,1,3,0,0,0,0,2,1,1,0,0,0,0,0,1,0,10,22.10,9.40,2.3,0.8,1.30,2.5,50.3,889
Kevin,McHale,0,0,3,0,0,0,0,0,0,0,0,1,0,0,3,3,2,0,1,0,10,,,,,1.70,,55.0,
Dirk,Nowitzki,0,0,0,0,0,0,0,0,0,0,0,0,3,7,0,0,0,0,0,0,10,24.60,10.15,3.0,1.02,0.96,2.04,47.1,1517
Andrea,Bargnani,0,0,0,0,1,0,0,0,0,0,0,0,0,0,2,5,0,0,1,0,9,19.72,9.18,1.2,1.13,1.75,1.94,43.9,1299
Vince,Carter,0,0,0,0,1,2,0,0,0,0,0,0,3,2,0,0,0,0,1,0,9,24.93,,,1.04,0.91,2.11,55.0,1451
Michael,Cooper,0,0,4,1,0,0,0,0,0,0,0,0,0,0,5,3,0,0,0,0,9,8.9,3.2,4.2,1.2,0.4,,46.5,873
Alonzo,Mourning,0,0,0,2,0,0,0,0,0,2,0,1,1,0,2,0,0,0,1,0,9,,9.34,,,2.71,,,
Norman,Van Lier,0,0,0,0,0,0,0,0,0,0,0,0,1,0,3,5,0,0,0,0,9,,,,,,,,
Bill,Walton,1,1,2,0,0,0,1,0,0,1,0,1,1,0,2,0,1,0,0,0,9,13.3,10.50,3.4,,2.20,2.7,52.0,468
Dominique,Wilkins,0,0,0,0,0,1,0,0,0,0,0,1,4,2,0,0,0,0,1,0,9,24.80,,,,,,,
Paul,Arizin,0,0,1,0,0,2,0,0,0,0,2,3,1,0,0,0,0,0,0,0,8,22.80,,,,,,,
Deandre,Ayton,0,0,0,0,0,0,0,0,0,2,0,0,2,0,2,1,0,0,1,0,8,,,,,,,,
Mookie,Blaylock,0,0,0,0,0,0,0,0,2,0,0,0,0,0,2,4,0,0,0,0,8,,,6.70,2.30,,,,
Dave,DeBusschere,0,0,2,0,0,0,0,0,0,0,0,0,1,0,6,0,0,0,1,0,8,,,,,,,,
Julius,Erving,1,0,1,0,0,0,0,0,0,0,0,5,2,0,0,0,0,0,0,0,8,22.00,,,1.80,1.50,,,
Pau,Gasol,0,0,0,0,1,0,0,0,0,0,1,0,2,2,0,1,0,0,1,0,8,22.74,10.15,3.71,0.6,1.73,1.75,55.0,1458
Grant,Hill,0,0,0,0,1,0,0,0,0,0,0,1,4,0,0,0,1,0,1,0,8,,,,,,,,
Isiah,Thomas,0,1,1,0,0,0,0,1,0,0,0,3,2,0,0,0,0,0,1,0,8,19.20,3.6,9.30,1.90,0.3,3.8,45.2,979
David,Cowens,0,0,1,0,0,0,0,0,0,0,0,0,3,0,1,2,0,0,1,0,7,,,,,,,,
Adrian,Dantley,0,0,0,0,1,2,0,0,0,0,1,0,2,0,0,0,0,0,1,0,7,24.30,,,,,,54.0,
Andre,Drummond,0,0,0,0,0,0,3,0,0,0,0,0,0,0,0,3,0,0,1,0,7,,,,,,,,
Harold,Greer,0,0,1,0,0,0,0,0,0,0,0,0,7,0,0,0,0,0,0,0,7,,,,,,,,
Gus,Johnson,0,0,0,0,0,0,0,0,0,0,0,0,4,0,2,0,0,0,1,0,7,,12.70,,,,,,
Chris,Kaman,0,0,0,0,0,0,0,0,0,0,0,0,4,1,0,1,0,0,0,1,7,,8.75,,,,,54.0,
Kawhi,Leonard,0,0,0,0,0,0,0,0,2,0,0,0,0,3,0,1,0,0,1,0,7,,,,,,,,
Jerry,Lucas,0,0,0,0,1,0,0,0,0,0,0,3,2,0,0,0,0,0,1,0,7,,15.60,,,,,,
Pete,Maravich,0,0,0,0,0,1,0,0,0,0,1,2,2,0,0,0,0,0,1,0,7,24.20,,,,,,,
Mitch,Richmond,0,0,0,0,1,0,0,0,0,0,0,0,3,2,0,0,0,0,1,0,7,21.00,,,,,,,
Brandon,Roy,0,0,0,0,0,0,0,0,0,0,0,0,1,0,0,5,0,0,0,1,7,,,7.66,,,,56.0,
Bill,Sharman,0,0,3,0,0,0,0,0,0,0,0,4,3,0,0,0,0,0,0,0,7,,,,,,,,
Myles,Turner,0,0,0,0,0,0,0,0,0,2,0,0,0,0,2,1,0,1,1,0,7,,,,,,,,
John,Wall,0,0,0,0,1,0,0,0,0,0,1,0,2,2,0,0,0,0,1,0,7,24.85,4.3,5.79,1.29,0.3,2.31,42.3,1211
Buck,Williams,0,0,0,0,1,0,0,0,0,0,0,0,1,0,2,2,0,0,1,0,7,,10.00,,,,2.13,55.0,1307
Gilbert,Arenas,0,0,0,0,0,0,0,0,0,0,0,0,2,4,0,0,0,0,0,0,6,20.33,3.2,7.14,1.29,,2.56,52.0,1424
Maurice,Cheeks,0,0,1,0,0,0,0,0,0,0,1,0,0,0,4,1,0,0,0,0,6,,,6.70,2.10,,,52.0,
Anthony,Edwards,0,0,0,0,1,0,0,0,0,0,0,0,1,0,0,0,3,0,1,0,6,,,,,,,,
Tim,Hardaway,0,0,0,0,0,0,0,0,0,0,0,1,3,1,0,0,0,0,1,0,6,,,8.30,1.70,,,,
Kevin,Johnson,0,0,0,0,0,0,0,0,0,0,0,0,4,1,0,0,0,1,0,0,6,,,9.10,1.50,,,,
Neil,Johnston,0,0,0,0,0,3,1,0,0,0,2,0,0,0,0,0,0,0,0,0,6,19.40,11.30,,,,,,
Eddie,Jones,0,0,0,0,0,0,0,0,1,0,0,0,0,1,0,3,0,0,1,0,6,,,,1.58,,,,
Bernard,King,0,0,0,0,0,1,0,0,0,0,0,2,1,1,0,0,0,0,1,0,6,22.50,,,,,,52.0,
Chris,Mullin,0,0,0,0,0,0,0,0,0,0,2,1,2,1,0,0,0,0,0,0,6,,,,1.60,,,,
Steve,Nash,0,0,0,0,0,0,0,2,0,0,0,0,1,3,0,0,0,0,0,0,6,17.54,,8.09,,,2.17,,1291
Danny,Roundfield,0,0,0,0,0,0,0,0,0,0,0,0,1,0,3,2,0,0,0,0,6,,,,,,,,
Jerry,Sloan,0,0,0,0,0,0,0,0,0,0,0,0,0,0,4,2,0,0,0,0,6,,,,,,,,
Nathaniel,Thurmond,0,0,0,0,0,0,0,0,0,0,0,0,0,0,2,3,0,0,1,0,6,,,,,,,,
Wes,Unseld,1,1,1,0,1,0,1,0,0,0,0,1,0,0,0,0,0,0,1,0,6,,14.00,,,,,,
Nathaniel,Archibald,0,0,1,0,0,0,0,0,0,0,0,3,2,0,0,0,0,0,0,0,5,,,,,,,,
DeMarre,Carroll,0,0,0,0,0,0,0,0,1,0,0,0,0,0,0,4,0,0,0,0,5,,,,1.49,,,,
Don,Chaney,0,0,1,0,0,0,0,0,0,0,0,0,0,0,0,5,0,0,0,0,5,,,,,,,,
William,Cunningham,0,0,0,0,0,0,0,0,0,0,0,3,1,0,0,0,0,0,1,0,5,,,,,,,,
Bob,Davies,0,0,1,0,0,0,0,0,0,0,0,4,1,0,0,0,0,0,0,0,5,,,,,,,,
Clyde,Drexler,0,0,1,0,0,0,0,0,0,0,0,1,2,2,0,0,0,0,0,0,5,20.40,6.1,5.60,2.00,0.7,2.8,47.2,1107
Tom,Heinsohn,0,0,5,0,1,0,0,0,0,0,0,0,4,0,0,0,0,0,0,0,5,18.60,8.80,,,,,,
Nate,Johnston,0,0,1,0,0,0,0,0,0,0,0,4,1,0,0,0,0,0,0,0,5,,,,,,,,
Robert,Love,0,0,0,0,0,0,0,0,0,0,0,0,2,0,0,3,0,0,0,0,5,,,,,,,,
Slater,Martin,0,0,1,0,0,0,0,0,0,0,0,0,5,0,0,0,0,0,0,0,5,,,,,,,,
Anthony,Mason,0,0,0,0,0,0,0,0,0,0,2,0,0,1,0,1,1,0,0,0,5,,,,,,,,
Paul,Silas,0,0,1,0,0,0,0,0,0,0,0,0,0,0,2,3,0,0,0,0,5,,9.90,,,,,,1254
Maurice,Stokes,0,0,0,0,1,0,1,0,0,0,0,0,3,0,0,0,0,0,0,0,5,,,,,,,,
Zion,Williamson,0,0,0,0,1,0,0,0,0,0,0,1,0,1,0,1,0,0,1,0,5,,,,,,,,
Vin,Baker,0,0,0,0,0,0,0,0,0,0,1,0,1,1,0,0,0,0,1,0,4,,,,,,,,
David,Bing,0,0,0,0,0,0,0,0,0,0,0,2,1,0,0,0,0,0,1,0,4,,,,,,,,
Quinn,Buckner,0,0,0,0,0,0,0,0,0,0,0,0,0,0,0,4,0,0,0,0,4,,,,1.90,,,,
Donald,Buse,0,0,0,0,0,0,0,0,0,0,0,0,0,0,4,0,0,0,0,0,4,,,,,,,,
Derrick,Coleman,0,0,0,0,1,0,0,0,0,0,0,0,0,2,0,0,0,0,1,0,4,,9.66,,,1.45,,,
Mike,Conley,0,1,1,0,0,0,0,0,0,0,0,0,0,0,0,0,1,1,0,1,4,16.69,,7.30,1.27,,2.39,,1473
Terry,Cummings,0,0,0,0,1,0,0,0,0,0,0,0,1,1,0,0,0,0,1,0,4,,,,,,,,
Walter,Davis,0,0,0,0,1,0,0,0,0,0,0,0,2,0,0,0,0,0,1,0,4,18.90,,,,,,,
Boris,Diaw,0,0,1,0,0,0,0,0,0,0,0,0,0,0,0,0,3,0,1,0,4,,,,,,,,
Michael,Finley,0,0,0,0,0,0,0,0,0,0,3,0,0,0,0,0,0,0,1,0,4,,,,,,,,
Joe,Fulks,0,0,1,0,0,0,0,0,0,0,0,3,1,0,0,0,0,0,0,0,4,,,,,,,,
Marc,Gasol,0,0,0,0,0,0,0,0,0,1,0,1,0,0,1,1,0,0,0,0,4,15.58,9.17,3.3,0.8,1.98,1.7,48.3,1397
Horace,Grant,0,0,1,0,0,0,0,0,0,0,0,0,0,0,0,4,0,0,0,0,4,,,,,,,,
Penny,Hardaway,0,0,0,0,0,0,0,0,0,0,0,2,0,1,0,0,0,0,1,0,4,,,,1.44,,,,
Spencer,Haywood,0,0,0,0,0,0,0,0,0,0,0,2,2,0,0,0,0,0,0,0,4,19.20,9.30,,,,,,
Jaren,Jackson Jr.,0,0,1,0,0,0,0,0,0,1,0,0,0,0,1,1,0,0,1,0,4,,,,,,,,
George,Johnson,0,0,0,0,0,0,0,0,0,3,0,0,0,0,0,1,0,0,0,0,4,,,,,,,,
Larry,Johnson,0,0,0,0,1,0,0,0,0,0,1,0,1,0,0,0,0,0,1,0,4,,,,,,,,
Marques,Johnson,0,0,0,0,0,0,0,0,0,0,0,1,2,0,0,0,0,0,1,0,4,20.10,,,,,,52.0,
Nikola,Jokic,0,0,0,0,1,0,0,0,0,0,0,1,1,0,0,0,0,0,1,0,4,,,,,,,,
Charles,Macauley,0,0,0,0,0,0,0,0,0,0,0,3,1,0,0,0,0,0,0,0,4,,,,,,,,
Aldonse,Miksis,0,0,2,0,0,0,0,0,0,0,0,0,4,0,0,0,0,0,0,0,4,,,,,,,,
Andre,Miller,0,0,0,0,0,0,0,3,0,0,0,0,0,0,0,0,0,0,1,0,4,,,7.92,,,,,
Evan,Mobley,0,0,0,0,1,0,0,0,0,0,0,0,0,0,1,1,0,0,1,0,4,,,,,,,,
James,Pollard,0,0,4,0,0,0,0,0,0,0,0,2,2,0,0,0,0,0,0,0,4,,,,,,,,
Kevin,Porter,0,0,0,0,0,0,0,4,0,0,0,0,0,0,0,0,0,0,0,0,4,,,8.10,,,,,
Mark,Price,0,0,0,0,0,0,0,0,0,0,0,1,0,3,0,0,0,0,0,0,4,,,6.70,,,,,
Jason,Richardson,0,0,0,0,0,0,0,0,0,0,0,0,0,3,0,0,0,0,1,0,4,21.97,,,1.08,,2.22,52.0,1305
Micheal Ray,Richardson,0,0,0,0,0,0,0,1,3,0,0,0,0,0,0,0,0,0,0,0,4,,,7.00,2.60,,,,
Latrell,Sprewell,0,0,0,0,0,0,0,0,0,0,1,1,0,0,0,1,0,0,0,1,4,,,,1.35,,,,
Isaiah,Thomas,0,0,0,0,0,0,0,0,0,0,1,0,0,2,0,0,0,0,1,0,4,,,,,,,,
Victor,Wembanyama,0,0,1,0,1,0,0,0,0,0,0,0,0,1,0,1,0,0,1,0,4,,,,,,,,
Paul,Westphal,0,0,0,0,0,0,0,0,0,0,0,3,1,0,0,0,0,0,0,0,4,,,,,,,,
Jamaal,Wilkes,0,0,1,0,1,0,0,0,0,0,0,0,0,0,0,2,0,0,1,0,4,,,,,,,,
James,Worthy,0,1,1,0,0,0,0,0,0,0,0,0,0,2,0,0,0,0,1,0,4,,,,,,,52.0,
Trae,Young,1,0,0,0,0,0,0,0,0,0,0,1,0,1,0,0,0,0,1,0,4,,,,,,,,
Max,Zaslofsky,0,0,0,0,0,0,0,0,0,0,0,4,0,0,0,0,0,0,0,0,4,,,,,,,,
Tiny,Archibald,0,0,0,0,0,1,0,1,0,0,1,0,0,0,0,0,0,0,0,0,3,,,,,,,,
Bradley,Beal,0,0,0,0,0,0,0,0,0,0,2,0,0,0,0,0,0,0,1,0,3,,,,,,,,
Ralph,Beard,0,0,0,0,0,0,0,0,0,0,0,1,1,0,0,0,0,0,1,0,3,,,,,,,,
Manute,Bol,0,0,0,0,0,0,0,0,0,2,0,0,0,0,0,1,0,0,0,0,3,,,,,3.30,,,
P.J.,Brown,0,0,0,0,0,0,0,0,0,0,0,0,0,0,0,3,0,0,0,0,3,,,,,,,,
Bob,Dandridge,0,0,0,0,0,0,0,0,0,0,0,0,1,0,1,0,0,0,1,0,3,18.50,,,,,,,
Simon,Davis,0,0,0,0,0,0,0,0,0,0,0,0,0,2,0,0,0,0,1,0,3,,9.61,,,,,,
Theodore,Dunn,0,0,0,0,0,0,0,0,0,0,0,0,0,0,0,3,0,0,0,0,3,,,,,,,,
Samuel,Fedor,0,0,0,0,0,0,0,0,0,0,0,0,3,0,0,0,0,0,0,0,3,,,,,,,,
Robert,Feerick,0,0,0,0,0,0,0,0,0,0,0,2,1,0,0,0,0,0,0,0,3,,,,,,,,
Phil,Ford,0,0,0,0,1,0,0,0,0,0,0,0,1,0,0,0,0,0,1,0,3,,,6.40,,,,,
Harry,Gallatin,0,0,0,0,0,0,1,0,0,0,0,1,1,0,0,0,0,0,0,0,3,,10.60,,,,,,
Rudy,Gobert,0,0,0,0,0,0,0,0,0,0,0,0,0,0,0,2,0,0,1,0,3,,,,,,,,
Richard,Guerin,0,0,0,0,0,0,0,0,0,0,0,0,3,0,0,0,0,0,0,0,3,,,,,,,,
Devin,Harris,0,0,0,0,0,0,0,0,0,0,0,0,0,0,0,0,2,0,1,0,3,,,7.24,,,,,
Lionel,Hollins,0,0,0,0,0,0,0,0,0,0,0,0,0,0,1,1,0,0,1,0,3,,,,1.60,,,,
Zydrunas,Ilgauskas,0,0,0,0,0,0,0,0,0,0,0,0,0,1,0,0,0,1,1,0,3,,,,,1.77,,,
Kyrie,Irving,0,0,0,0,1,0,0,0,0,0,0,0,0,1,0,0,0,0,1,0,3,,,,,,,,
Mark,Jackson,0,0,0,0,1,0,0,1,0,0,0,0,0,0,0,0,0,0,1,0,3,,,7.83,1.21,,2.34,,1336
Eddie,Johnson,0,0,0,0,0,0,0,0,0,0,0,0,0,0,0,2,1,0,0,0,3,,,,,,,,
Sam,Jones,0,0,2,0,0,0,0,0,0,0,0,0,3,0,0,0,0,0,0,0,3,,,,,,,,
Shawn,Kemp,0,0,0,0,0,0,0,0,0,0,0,0,3,0,0,0,0,0,0,0,3,,,,,,,,
John,Logan,0,0,0,0,0,0,0,0,0,0,0,0,3,0,0,0,0,0,0,0,3,,,,,,,,
Maurice,Lucas,0,0,0,0,0,0,0,0,0,0,0,0,1,0,1,1,0,0,0,0,3,,8.80,,,,,,
Rodney,McCray,0,0,0,0,0,0,0,0,0,0,1,0,0,0,1,1,0,0,0,0,3,,,,,,,,
Derrick,McKey,0,0,0,0,0,0,0,0,0,0,0,0,0,0,0,2,0,0,1,0,3,,,,,,,,
Nate,McMillan,0,0,0,0,0,0,0,0,1,0,0,0,0,0,0,2,0,0,0,0,3,,,6.10,1.90,,,,
Mike,Miller,0,0,0,0,1,0,0,0,0,0,0,0,0,0,0,0,1,0,1,0,3,,,,,,,,1207
Reggie,Miller,0,0,0,0,0,0,0,0,0,0,0,0,0,3,0,0,0,0,0,0,3,19.30,,,,,,,
Earl,Monroe,0,0,0,0,1,0,0,0,0,0,0,1,0,0,0,0,0,0,1,0,3,18.80,,,,,,,
Dejounte,Murray,0,0,0,0,0,0,0,0,0,0,0,0,0,1,0,1,0,1,0,0,3,,,,,,,,
Larry,Nance,0,0,0,0,0,0,0,0,0,0,0,0,0,0,1,2,0,0,0,0,3,,,,,2.20,,55.0,
Jermaine,O'Neal,0,0,0,0,0,0,0,0,0,0,1,0,0,1,0,0,0,1,0,0,3,17.86,8.31,,,1.60,1.58,54.0,1483
Charles,Oakley,0,0,0,0,0,0,0,0,0,0,0,0,0,0,1,1,0,0,1,0,3,,9.80,,1.08,,2.24,,1234
Andy,Phillip,0,0,0,0,0,0,0,3,0,0,0,0,0,0,0,0,0,0,0,0,3,,,5.50,,,,,
Paul,Pierce,0,0,0,0,0,0,0,0,0,0,0,0,0,2,0,0,0,0,1,0,3,22.50,6.19,3.96,1.43,0.81,2.27,44.6,1511
Paul,Pressey,0,0,0,0,0,0,0,0,0,0,0,0,0,0,2,1,0,0,0,0,3,,,,1.40,,,,
Glen,Rice,0,0,0,0,0,0,0,0,0,0,0,0,1,1,0,0,0,0,0,1,3,,,,,,,,
Tree,Rollins,0,0,0,0,0,0,0,0,0,1,0,0,0,0,1,1,0,0,0,0,3,,,,,2.20,,52.0,
Ralph,Sampson,0,0,0,0,1,0,0,0,0,0,0,0,1,0,0,0,0,0,1,0,3,,8.80,,,1.60,,,
Dolph,Schayes,0,0,0,0,0,0,1,0,0,0,2,0,0,0,0,0,0,0,0,0,3,18.50,11.30,,,,,,
Detlef,Schrempf,0,0,0,0,0,0,0,0,0,0,0,0,0,1,0,0,2,0,0,0,3,,,,,,,,
Rod,Strickland,0,0,0,0,0,0,0,1,0,0,0,0,1,0,0,0,0,0,0,1,3,,,7.28,1.49,,,,
Klay,Thompson,0,0,0,0,0,0,0,0,0,0,0,0,0,0,0,1,0,1,0,1,3,,,,,,,,
Michael,Wallace,0,0,0,0,0,0,0,0,0,0,0,0,3,0,0,0,0,0,0,0,3,,,,,,,,
Joe,White,0,0,0,0,0,0,0,0,0,0,0,0,2,0,0,0,0,0,1,0,3,,,,,,,,
Gus,Williams,0,0,0,0,0,0,0,0,0,0,0,1,1,0,0,0,0,0,1,0,3,,,5.60,2.00,,,,
George,Yardley,0,0,0,0,0,1,0,0,0,0,0,1,1,0,0,0,0,0,0,0,3,19.20,8.90,,,,,,
Mahmoud,Abdul-Rauf,0,0,0,0,0,0,0,0,0,0,0,0,0,0,0,0,0,1,0,1,2,,,,,,,,
Precious,Achiuwa,0,0,0,0,0,0,0,0,0,0,0,0,0,0,0,0,0,1,0,1,2,,,,,,,,
Alvan,Adams,0,0,0,0,1,0,0,0,0,0,0,0,0,0,0,0,0,0,1,0,2,,,,,,,,
Ray,Allen,0,0,0,0,0,0,0,0,0,0,0,0,0,1,0,0,0,0,0,1,2,20.91,4.1,4.04,1.08,0.2,2.26,45.2,1753
Darrell,Armstrong,0,0,0,0,0,0,0,0,0,0,0,0,0,0,0,0,1,1,0,0,2,,,,1.48,,,,
LaMelo,Ball,0,0,0,0,0,0,0,0,0,0,0,1,0,0,0,0,0,0,1,0,2,,,,,,,,
R.J.,Barrett,0,0,0,0,0,0,0,0,0,0,0,0,0,0,0,0,0,1,1,0,2,,,,,,,,
Bruce,Bowen,0,0,0,0,0,0,0,0,0,0,0,0,0,0,0,2,0,0,0,0,2,,,,,,,,
Shawn,Bradley,0,0,0,0,0,0,0,0,0,1,0,0,0,0,0,0,0,0,0,1,2,,,,,2.68,,,
Carl,Braun,0,0,0,0,0,0,0,0,0,0,0,0,2,0,0,0,0,0,0,0,2,,,,,,,,
Jim,Brewer,0,0,0,0,0,0,0,0,0,0,0,0,0,0,0,2,0,0,0,0,2,,,,,,,,
Frank,Brian,0,0,0,0,0,0,0,0,0,0,0,0,2,0,0,0,0,0,0,0,2,,,,,,,,
Bill,Bridges,0,0,0,0,0,0,0,0,0,0,0,0,0,0,0,2,0,0,0,0,2,,11.90,,,,,,
Trey,Burke,0,0,0,0,1,0,0,0,0,0,0,0,0,0,0,0,0,0,1,0,2,,,,,,,,
Don,Buse,0,0,0,0,0,0,0,1,1,0,0,0,0,0,0,0,0,0,0,0,2,,,,1.80,,,,
Caron,Butler,0,0,0,0,0,0,0,0,0,0,0,0,0,0,0,0,1,0,1,0,2,,,,1.31,,,,
Joe,Caldwell,0,0,0,0,0,0,0,0,0,0,0,0,0,0,0,1,0,0,1,0,2,,,,,,,,
Marcus,Camby,0,0,0,0,0,0,0,0,0,1,0,0,0,0,0,0,0,0,1,0,2,,9.30,,,2.11,,,
Tom,Chambers,0,0,0,0,0,0,0,0,0,0,0,0,2,0,0,0,0,0,0,0,2,,,,,,,,
Phil,Chenier,0,0,0,0,0,0,0,0,0,0,0,0,1,0,0,0,0,0,1,0,2,,,,,,,,
Doug,Christie,0,0,0,0,0,0,0,0,0,0,0,0,0,0,0,2,0,0,0,0,2,,,,1.66,,,,
E.C.,Coleman,0,0,0,0,0,0,0,0,0,0,0,0,0,0,1,1,0,0,0,0,2,,,,,,,,
Dave,Cowens,1,0,0,0,1,0,0,0,0,0,0,0,0,0,0,0,0,0,0,0,2,,13.60,,,,,,
Brad,Daugherty,0,0,0,0,0,0,0,0,0,0,0,0,0,1,0,0,0,0,1,0,2,19.00,9.50,,,,,53.0,
Ernie,DiGregorio,0,0,0,0,1,0,0,1,0,0,0,0,0,0,0,0,0,0,0,0,2,,,,,,,,
Terry,Dischinger,0,0,0,0,1,0,0,0,0,0,0,0,0,0,0,0,0,0,1,0,2,,,,,,,,
Dale,Ellis,0,0,0,0,0,0,0,0,0,0,0,0,0,1,0,0,0,1,0,0,2,,,,,,,,1209
Larry,Foust,0,0,0,0,0,0,0,0,0,0,0,1,1,0,0,0,0,0,0,0,2,,9.80,,,,,,
De'Aaron,Fox,0,0,0,0,0,0,0,0,0,0,1,0,0,0,0,0,0,0,1,0,2,,,,,,,,
Steve,Francis,0,0,0,0,1,0,0,0,0,0,0,0,0,0,0,0,0,0,1,0,2,,,5.55,,,,,
Darius,Garland,0,0,0,0,0,0,0,2,0,0,0,0,0,0,0,0,0,0,0,0,2,,,,,,,,
Jack,George,0,0,1,0,0,0,0,0,0,0,1,0,1,0,0,0,0,0,0,0,2,,,,,,,,
Kendall,Gill,0,0,0,0,0,0,0,0,1,0,0,0,0,0,0,0,0,0,1,0,2,,,,1.60,,,,
Darrell,Griffith,0,0,0,0,1,0,0,0,0,0,0,0,0,0,0,0,0,0,1,0,2,,,,,,,,
Alex,Groza,0,0,0,0,0,0,0,0,0,0,0,2,0,0,0,0,0,0,0,0,2,,,,,,,,
Cliff,Hagan,0,0,1,0,0,0,0,0,0,0,0,0,2,0,0,0,0,0,0,0,2,,,,,,,,
Derek,Harper,0,0,0,0,0,0,0,0,0,0,0,0,0,0,0,2,0,0,0,0,2,,,5.50,1.60,,,,1199
Johnny R.,Haywood,0,0,0,0,0,0,0,0,0,0,0,0,0,0,0,0,2,0,0,0,2,,,,,1.04,,,1224
George,Hill,0,0,0,0,0,0,0,0,0,0,0,0,0,0,0,0,1,1,0,0,2,,,6.94,,,,,
Juwan,Howard,0,0,0,0,0,0,0,0,0,0,0,0,0,1,0,0,0,0,0,1,2,,,,,,,,
Lou,Hudson,0,0,0,0,0,0,0,0,0,0,0,0,1,0,0,0,0,0,1,0,2,20.20,,,,,,,
Caldwell,Jones,0,0,0,0,0,0,0,0,0,0,0,0,0,0,2,0,0,0,0,0,2,,,,,1.40,,,
Toni,Kukoc,0,0,1,0,0,0,0,0,0,0,0,0,0,0,0,0,1,0,0,1,2,,,,,,,,
Fat,Lever,0,0,0,0,0,0,0,0,0,0,0,0,1,0,0,1,0,0,0,0,2,,,6.20,2.20,,,,
Dan,Majerle,0,0,0,0,0,0,0,0,0,0,0,0,0,0,0,2,0,0,0,0,2,,,,,,,,
Stephon,Marbury,0,0,0,0,0,0,0,0,0,0,0,0,0,1,0,0,0,0,1,0,2,19.08,,6.70,,,2.48,,1230
Shawn,Marion,0,0,0,0,0,0,0,0,0,0,0,0,0,0,0,1,0,0,0,1,2,19.89,7.76,2.0,1.57,0.97,2.33,52.0,1441
C.J.,McCollum,0,0,0,0,0,0,0,0,0,0,0,0,0,0,0,0,1,1,0,0,2,,,,,,,,
Antonio,McDyess,0,0,0,0,0,0,0,0,0,0,0,0,0,1,0,0,0,0,1,0,2,,,,,,,,
George,McGinnis,0,0,0,0,0,0,0,0,0,0,0,1,1,0,0,0,0,0,0,0,2,,9.80,,1.70,,,,
John,McMahon,0,0,0,0,0,0,0,0,0,0,0,1,1,0,0,0,0,0,0,0,2,,,,,,,,
Stanley,Miasek,0,0,0,0,0,0,0,0,0,0,0,1,1,0,0,0,0,0,0,0,2,,,,,,,,
Ja,Morant,0,0,0,0,0,0,0,0,0,0,0,0,0,1,0,0,0,0,1,0,2,,,,,,,,
Jamal,Murray,0,0,0,0,0,0,0,0,0,0,0,0,0,0,0,0,0,1,1,0,2,,,,,,,,
Keegan,Murray,0,0,0,0,1,0,0,0,0,0,0,0,0,0,0,0,0,0,1,0,2,,,,,,,,
Bobby C.,O'Gallagher,0,0,0,0,0,0,0,0,0,0,0,0,2,0,0,0,0,0,0,0,2,,8.46,,,1.23,,,1255
Greg,Oden,0,0,0,0,0,0,0,0,0,0,0,0,0,0,0,1,0,0,1,0,2,,9.16,,,1.53,,,1231
Robert,Parish,0,0,0,0,0,0,0,0,0,0,0,0,1,1,0,0,0,0,0,0,2,14.48,9.10,,,1.50,1.98,54.0,1611
Chuck,Person,0,0,0,0,1,0,0,0,0,0,0,0,0,0,0,0,0,0,1,0,2,,,,,,,,
Geoff,Petrie,0,0,0,0,1,0,0,0,0,0,0,0,0,0,0,0,0,0,1,0,2,21.80,,,,,,,
Gary,Phillips,0,0,0,0,0,0,0,0,0,0,0,0,2,0,0,0,0,0,0,0,2,,,,,,,,
Ricky,Pierce,0,0,0,0,0,0,0,0,0,0,0,0,0,0,0,0,2,0,0,0,2,,,,,,,,
Kristaps,Porzingis,0,0,0,0,0,0,0,0,0,0,0,0,1,0,0,0,0,0,1,0,2,,,,,,,,
James,Price,0,0,0,0,0,0,0,0,0,0,0,0,0,0,0,1,0,0,1,0,2,,,,,,,,
Theo,Ratliff,0,0,0,0,0,0,0,0,0,1,0,0,0,0,0,1,0,0,0,0,2,,,,,2.48,,,
Micheal,Richardson,0,0,0,0,0,0,0,0,0,0,0,0,0,0,2,0,0,0,0,0,2,,,,,,,,
Cliff,Robinson,0,0,0,0,0,0,0,0,0,0,0,0,0,0,0,1,1,0,0,0,2,,,,,,,,
Truck,Robinson,0,0,0,0,0,0,1,0,0,0,1,0,0,0,0,0,0,0,0,0,2,,9.40,,,,,,
Guy,Rodgers,0,0,0,0,0,0,0,2,0,0,0,0,0,0,0,0,0,0,0,0,2,,,7.80,,,,,
Jalen,Rose,0,0,0,0,0,0,0,0,0,0,0,0,0,0,0,0,0,1,0,1,2,,,,,,,,
Ricky,Rubio,0,0,0,0,0,0,0,0,0,0,0,0,0,0,0,0,1,0,0,1,2,,,7.49,,,,,
Jeff,Ruland,0,0,0,0,0,0,0,0,0,0,1,0,0,0,0,0,0,0,1,0,2,,,,,,,56.0,
Alexandre,Sarr,0,0,0,0,1,0,0,0,0,0,0,0,0,0,0,0,0,0,1,0,2,,,,,,,,
Fred,Scolari,0,0,0,0,0,0,0,0,0,0,0,0,2,0,0,0,0,0,0,0,2,,,,,,,,
Paul,Seymour,0,0,1,0,0,0,0,0,0,0,0,0,2,0,0,0,0,0,0,0,2,,,,,,,,
Steve,Sheppard,0,0,0,0,0,0,0,0,0,0,0,1,1,0,0,0,0,0,0,0,2,,,,,,,,
Jack,Sikma,0,0,0,0,0,0,0,0,0,0,0,0,0,0,0,1,0,0,1,0,2,,9.80,,,,,,
Donald,Smith,0,0,0,0,0,0,0,0,0,0,0,0,1,0,0,1,0,0,0,0,2,,,,,,,,
Elmore,Smith,0,0,0,0,0,0,0,0,0,1,0,0,0,0,0,0,0,0,1,0,2,,10.60,,,2.10,,,
Jabari,Smith Jr.,0,0,0,0,0,0,0,0,0,0,0,0,0,0,0,0,0,1,1,0,2,,,,,,,,
John,Starks,0,0,0,0,0,0,0,0,0,0,0,0,0,0,0,1,1,0,0,0,2,,,,,,,,
Damon,Stoudamire,0,0,0,0,1,0,0,0,0,0,0,0,0,0,0,0,0,0,1,0,2,,,6.14,,,,,
Amar'e,Stoudemire,0,0,0,0,0,0,0,0,0,0,0,0,0,0,0,1,0,0,1,0,2,22.04,9.90,1.2,,1.34,1.91,59.0,1230
Roy,Tarpley,0,0,0,0,0,0,0,0,0,0,0,0,0,0,0,0,1,0,1,0,2,,,,,,,,
Ausar,Thompson,0,0,0,0,0,0,0,0,0,0,0,0,0,0,0,0,0,1,0,1,2,,,,,,,,
David,Thompson,0,0,0,0,0,0,0,0,0,0,0,2,0,0,0,0,0,0,0,0,2,22.10,,,,,,,
Jack,Twyman,0,0,0,0,0,0,0,0,0,0,0,0,2,0,0,0,0,0,0,0,2,19.20,,,,,,,
Hal,Uplinger,0,0,0,0,0,0,0,0,0,0,0,0,0,0,0,1,0,0,1,0,2,,,,,,,,
Kemba,Walker,0,0,0,0,0,0,0,0,0,0,0,0,0,0,0,0,0,1,0,1,2,,,,,,,,
Kermit,Washington,0,0,0,0,0,0,0,0,0,0,0,0,0,0,0,2,0,0,0,0,2,,,,,,,,
Slick,Watts,0,0,0,0,0,0,0,1,1,0,0,0,0,0,0,0,0,0,0,0,2,,,6.10,2.20,,,,
Scott,Wedman,0,0,0,0,0,0,0,0,0,0,0,0,0,0,0,1,0,0,1,0,2,,,,,,,,
Sidney,Wicks,0,0,0,0,1,0,0,0,0,0,0,0,0,0,0,0,0,0,1,0,2,,8.70,,,,,,
James,Wiseman,0,0,0,0,0,0,0,0,0,0,0,0,0,0,0,1,0,0,1,0,2,,,,,,,,
Shareef,Abdur-Rahim,0,0,0,0,0,0,0,0,0,0,0,0,0,0,0,0,0,0,1,0,1,18.30,7.76,,,,2.12,,1348
LaMarcus,Aldridge,0,0,0,0,0,0,0,0,0,0,0,0,0,0,0,0,0,0,0,1,1,19.52,6.56,2.0,0.7,1.12,1.8,48.1,1300
Courtney,Alexander,0,0,0,0,0,0,0,0,0,0,0,0,0,0,0,0,0,0,0,1,1,,,,,,,,
Álex,Allen,0,0,0,0,0,0,0,0,0,0,0,0,0,0,0,0,0,0,0,1,1,,,,,,,,
Al-Farouq,Aminu,0,0,0,0,0,0,0,0,0,0,0,0,0,0,0,0,0,0,0,1,1,,,,,,,,
Derek,Anderson,0,0,0,0,0,0,0,0,0,0,0,0,0,0,0,0,0,0,0,1,1,,,,,,,,
Greg,Anderson,0,0,0,0,0,0,0,0,0,0,0,0,0,0,0,0,0,0,1,0,1,,,,,,,,
Kyle,Anderson,0,0,0,0,0,0,0,0,0,0,0,0,0,0,0,0,0,0,0,1,1,,,,,,,,
Willie,Anderson,0,0,0,0,0,0,0,0,0,0,0,0,0,0,0,0,0,0,1,0,1,,,,,,,,
Cole,Anthony,0,0,0,0,0,0,0,0,0,0,0,0,0,0,0,0,0,0,0,1,1,,,,,,,,
Rafael,Araujo,0,0,0,0,0,0,0,0,0,0,0,0,0,0,0,0,0,0,0,1,1,,,,,,,,
Chucky,Atkins,0,0,0,0,0,0,0,0,0,0,0,0,0,0,0,0,0,0,0,1,1,,,,,,,,
Chuck,Augmon,0,0,0,0,0,0,0,0,0,0,0,0,0,0,0,0,0,0,0,1,1,,,,,,,,
Stacey,Augmon,0,0,0,0,0,0,0,0,0,0,0,0,0,0,0,0,0,0,1,0,1,,,,,,,,
Isaac,Austin,0,0,0,0,0,0,0,0,0,0,0,0,0,0,0,0,0,1,0,0,1,,,,,,,,
Marvin,Bagley III,0,0,0,0,0,0,0,0,0,0,0,0,0,0,0,0,0,0,0,1,1,,,,,,,,
Thurl,Bailey,0,0,0,0,0,0,0,0,0,0,0,0,0,0,0,0,0,0,1,0,1,,,,,,,,
Mohamed,Bamba,0,0,0,0,0,0,0,0,0,0,0,0,0,0,0,0,0,0,0,1,1,,,,,,,,
Paolo,Banchero,0,0,0,0,0,0,0,0,0,0,0,0,0,0,0,0,0,0,1,0,1,,,,,,,,
Desmond,Bane,0,0,0,0,0,0,0,0,0,0,0,0,0,0,0,0,0,0,0,1,1,,,,,,,,
Michael,Bantom,0,0,0,0,0,0,0,0,0,0,0,0,0,0,0,0,0,0,1,0,1,,,,,,,,
Leandro,Barbosa,0,0,0,0,0,0,0,0,0,0,0,0,0,0,0,0,0,1,0,0,1,,,,,,,,
Harrison,Barnes,0,0,0,0,0,0,0,0,0,0,0,0,0,0,0,0,0,0,0,1,1,,,,,,,,
Scottie,Barnes,0,0,0,0,0,0,0,0,0,0,0,0,0,0,0,0,0,0,1,0,1,,,,,,,,
Dana,Barros,0,0,0,0,0,0,0,0,0,0,0,0,0,0,0,0,0,1,0,0,1,,,,,,,,
Brent,Barry,0,0,0,0,0,0,0,0,0,0,0,0,0,0,0,0,0,0,0,1,1,,,,,,,,
Brandon,Bass,0,0,0,0,0,0,0,0,0,0,0,0,0,0,0,0,0,0,0,1,1,,,,,,,,
Shane,Battier,0,0,0,0,0,0,0,0,0,0,0,0,0,0,0,0,0,0,1,0,1,,,,,,,,
Nicolas,Batum,0,0,0,0,0,0,0,0,0,0,0,0,0,0,0,0,0,0,1,0,1,,,6.51,,,,,1209
Frank,Baumholtz,0,0,0,0,0,0,0,0,0,0,0,0,1,0,0,0,0,0,0,0,1,,,,,,,,
Harvey,Beasley,0,0,0,0,0,0,0,0,0,0,0,0,0,0,0,0,0,0,1,0,1,,,,,,,,
Michael,Beasley,0,0,0,0,0,0,0,0,0,0,0,0,0,0,0,0,0,0,1,0,1,,,,,,,,
Zelmo,Beaty,0,0,0,0,0,0,0,0,0,0,0,0,0,0,0,0,0,0,1,0,1,,10.40,,,,,,
Ron,Behagen,0,0,0,0,0,0,0,0,0,0,0,0,0,0,0,0,0,0,1,0,1,,,,,,,,
Walt,Bellamy,0,0,0,0,1,0,0,0,0,0,0,0,0,0,0,0,0,0,0,0,1,20.10,13.70,2.4,0.6,0.4,2.5,52.0,1043
Mike,Bibby,0,0,0,0,0,0,0,0,0,0,0,0,0,0,0,0,0,0,1,0,1,15.58,,6.03,1.05,,2.13,,1360
Chauncey,Billups,0,1,1,0,0,0,0,0,0,0,0,0,0,0,0,0,0,0,0,0,1,16.66,,6.13,0.95,,2.13,,1345
Dave,Bing,0,0,0,0,1,0,0,0,0,0,0,0,0,0,0,0,0,0,0,0,1,20.30,,6.00,,,,,
Otis,Birdsong,0,0,0,0,0,0,0,0,0,0,0,0,1,0,0,0,0,0,0,0,1,,,,,,,,
DeJuan,Blair,0,0,0,0,0,0,0,0,0,0,0,0,0,0,0,0,0,0,0,1,1,,,,,,,,
Eric,Bledsoe,0,0,0,0,0,0,0,0,0,0,0,0,0,0,0,0,0,0,1,0,1,,,,,,,,
Kelvin,Boeheim,0,0,0,0,0,0,0,0,0,0,0,0,0,0,0,0,0,0,0,1,1,,,,,,,,
Bol,Bol,0,0,0,0,0,0,0,0,0,0,0,0,0,1,0,0,0,0,0,0,1,,,,,,,,
Devin,Booker,0,0,0,0,0,0,0,0,0,0,0,0,0,0,0,0,0,0,0,1,1,,,,,,,,
Carlos,Boozer,0,0,0,0,0,0,0,0,0,0,0,0,0,0,0,0,0,0,1,0,1,,9.96,,,,,52.0,1396
Sam,Bowie,0,0,0,0,0,0,0,0,0,0,0,0,0,0,0,0,0,0,1,0,1,,,,,1.80,,,
Darren,Bowman,0,0,0,0,0,0,0,0,0,0,0,0,0,0,0,0,0,0,0,1,1,,,,,,,,
Fred,Boyd,0,0,0,0,0,0,0,0,0,0,0,0,0,0,0,0,0,0,1,0,1,,,,,,,,
Dudley,Bradley,0,0,0,0,0,0,0,0,0,0,0,0,0,0,0,1,0,0,0,0,1,,,,1.60,,,,
Terrell,Brandon,0,0,0,0,0,0,0,0,0,0,0,0,0,0,0,0,0,0,0,1,1,,,5.76,1.42,,,,
Malaki,Branham,0,0,0,0,0,0,0,0,0,0,0,0,0,0,0,0,0,0,0,1,1,,,,,,,,
Dee,Brown,0,0,0,0,0,0,0,0,0,0,0,0,0,0,0,0,0,0,1,0,1,,,,,,,,
Jaylen,Brown,0,0,0,0,0,0,0,0,0,0,0,0,0,0,0,0,0,0,1,0,1,,,,,,,,
John,Brown,0,0,0,0,0,0,0,0,0,0,0,0,0,0,0,0,0,0,1,0,1,,,,,,,,
Leon,Brown,0,0,0,0,0,0,0,0,0,0,0,0,0,0,0,0,0,0,1,0,1,,,,,,,,
Alec,Burks,0,0,0,0,0,0,0,0,0,0,0,0,0,0,0,0,0,0,0,1,1,,,,,,,,
Tom,Burleson,0,0,0,0,0,0,0,0,0,0,0,0,0,0,0,0,0,0,1,0,1,,,,,1.30,,,
Willie,Burton,0,0,0,0,0,0,0,0,0,0,0,0,0,0,0,0,0,0,0,1,1,,,,,,,,
Michael,Cage,0,0,0,0,0,0,1,0,0,0,0,0,0,0,0,0,0,0,0,0,1,,,,,,,51.0,
Ernest,Calverley,0,0,0,0,0,0,0,0,0,0,0,0,1,0,0,0,0,0,0,0,1,,,,,,,,
Austin,Carr,0,0,0,0,0,0,0,0,0,0,0,0,0,0,0,0,0,0,1,0,1,,,,,,,,
Justin,Carr,0,0,0,0,0,0,0,0,0,0,0,0,0,0,0,0,0,0,0,1,1,,,,,,,,
M.L.,Carr,0,0,0,0,0,0,0,0,1,0,0,0,0,0,0,0,0,0,0,0,1,,,,1.30,,,,
Michael,Carr,0,0,0,0,0,0,0,0,0,0,0,0,0,0,0,1,0,0,0,0,1,,,,,,,,
Joseph,Carroll,0,0,0,0,0,0,0,0,0,0,0,0,0,0,0,0,0,0,1,0,1,,,,,,,,
Bill,Cartwright,0,0,0,0,0,0,0,0,0,0,0,0,0,0,0,0,0,0,1,0,1,,,,,,,52.0,
Matthew,Cartwright,0,0,0,0,0,0,0,0,0,0,0,0,0,0,0,0,0,0,1,0,1,,,,,,,,
Al,Cervi,0,0,0,0,0,0,0,0,0,0,0,0,1,0,0,0,0,0,0,0,1,,,,,,,,
Rex,Chapman,0,0,0,0,0,0,0,0,0,0,0,0,0,0,0,0,0,0,0,1,1,,,,,,,,
Archie,Clark,0,0,0,0,0,0,0,0,0,0,0,0,1,0,0,0,0,0,0,0,1,,,,,,,,
Brandon,Clarke,0,0,0,0,0,0,0,0,0,0,0,0,0,0,0,0,0,0,1,0,1,,,,,,,,
Jim,Cleamons,0,0,0,0,0,0,0,0,0,0,0,0,0,0,0,1,0,0,0,0,1,,,,,,,,
John,Collins,0,0,0,0,0,0,0,0,0,0,0,0,0,0,0,0,0,0,0,1,1,,,,,,,,
Tyrone,Cook,0,0,0,0,0,0,0,0,0,0,0,0,0,0,0,0,0,0,1,0,1,,,,,,,,
Lawrence,Costello,0,0,0,0,0,0,0,0,0,0,0,0,1,0,0,0,0,0,0,0,1,,,,,,,,
Ayrton,Covington,0,0,0,0,0,0,0,0,0,0,0,0,0,0,0,0,0,0,0,1,1,,,,,,,,
Jarrett,Culver,0,0,0,0,0,0,0,0,0,0,0,0,0,0,0,0,0,0,0,1,1,,,,,,,,
Cade,Cunningham,0,0,0,0,0,0,0,0,0,0,0,0,0,0,0,0,0,0,1,0,1,,,,,,,,
Dell,Curry,0,0,0,0,0,0,0,0,0,0,0,0,0,0,0,0,1,0,0,0,1,,,,,,,,
Quintin,Dailey,0,0,0,0,0,0,0,0,0,0,0,0,0,0,0,0,0,0,1,0,1,,,,,,,,
Howard,Dallmar,0,0,0,0,0,0,0,0,0,0,0,1,0,0,0,0,0,0,0,0,1,,,,,,,,
Baron,Davis,0,0,0,0,0,0,0,0,1,0,0,0,0,0,0,0,0,0,0,0,1,,,4.97,1.52,,2.46,,1227
Dwight,Davis,0,0,0,0,0,0,0,0,0,0,0,0,0,0,0,0,0,0,1,0,1,,,,,,,,
DeMar,DeRozan,0,0,0,0,0,0,0,0,0,0,0,0,0,0,0,0,0,0,0,1,1,19.86,,,,,,,
Luol,Deng,0,0,0,0,0,0,0,0,0,0,0,0,0,0,0,0,0,1,0,0,1,,,,1.21,1.01,,,1230
Michael,Dickerson,0,0,0,0,0,0,0,0,0,0,0,0,0,0,0,0,0,0,0,1,1,,,,,,,,
Ernie,Digregorio,0,0,0,0,0,0,0,0,0,0,0,0,0,0,0,0,0,0,1,0,1,,,,,,,,
Robert,Dillingham,0,0,0,0,0,0,0,0,0,0,0,0,0,0,0,0,0,0,1,0,1,,,,,,,,
Vlade,Divac,0,0,0,0,0,0,0,0,0,0,0,0,0,0,0,0,0,0,1,0,1,,7.77,,1.10,1.39,1.98,,1204
Michael,Doleac,0,0,0,0,0,0,0,0,0,0,0,0,0,0,0,0,0,0,0,1,1,,,,,,,,
Sherman,Douglas,0,0,0,0,0,0,0,0,0,0,0,0,0,0,0,0,0,0,1,0,1,,,5.90,,,,,
John,Drew,0,0,0,0,0,0,0,0,0,0,0,0,0,0,0,0,0,0,1,0,1,20.70,,,1.40,,,,
Chris,Duarte,0,0,0,0,0,0,0,0,0,0,0,0,0,0,0,0,0,0,0,1,1,,,,,,,,
Kevin,Duckworth,0,0,0,0,0,0,0,0,0,0,0,0,0,0,0,0,0,1,0,0,1,,,,,,,,
Monty,Dudley,0,0,0,0,0,0,0,0,0,0,0,0,0,0,0,0,0,0,1,0,1,,,,,1.26,,,
Richard,Dumas,0,0,0,0,0,0,0,0,0,0,0,0,0,0,0,0,0,0,0,1,1,,,,,,,,
Mike,Dunleavy Jr.,0,0,0,0,0,0,0,0,0,0,0,0,0,0,0,0,0,1,0,0,1,,,,,,,,
Tyus,Edney,0,0,0,0,0,0,0,0,0,0,0,0,0,0,0,0,0,0,0,1,1,,,,,,,,
Blue,Edwards,0,0,0,0,0,0,0,0,0,0,0,0,0,0,0,0,0,0,0,1,1,,,,,,,,
Kevin,Edwards,0,0,0,0,0,0,0,0,0,0,0,0,0,0,0,0,0,0,0,1,1,,,,1.40,,,,
Henry,Ellenson,0,0,0,0,0,0,0,0,0,0,0,0,0,0,0,0,0,0,0,1,1,,,,,,,,
Sean,Elliott,0,0,0,0,0,0,0,0,0,0,0,0,0,0,0,0,0,0,0,1,1,,,,,,,,
LaPhonso,Ellis,0,0,0,0,0,0,0,0,0,0,0,0,0,0,0,0,0,0,1,0,1,,,,,,,,
Pervis,Ellison,0,0,0,0,0,0,0,0,0,0,0,0,0,0,0,0,0,1,0,0,1,,,,,1.60,,,
Alex,English,0,0,0,0,0,1,0,0,0,0,0,0,0,0,0,0,0,0,0,0,1,21.50,,,,,,,
Dante,Exum,0,0,0,0,0,0,0,0,0,0,0,0,0,0,0,0,0,0,1,0,1,,,,,,,,
Kenneth,Faried,0,0,0,0,0,0,0,0,0,0,0,0,0,0,0,0,0,0,0,1,1,,,,,,,,
Jordan,Farmar,0,0,0,0,0,0,0,0,0,0,0,0,0,0,0,0,0,0,0,1,1,,,7.06,,,,,
Derrick,Favors,0,0,0,0,0,0,0,0,0,0,0,0,0,0,0,0,0,0,0,1,1,,,,,,,,1226
Ray,Felix,0,0,0,0,1,0,0,0,0,0,0,0,0,0,0,0,0,0,0,0,1,,8.90,,,,,,
Raymond,Felton,0,0,0,0,0,0,0,0,0,0,0,0,0,0,0,0,0,0,1,0,1,,,5.75,,,,,
Marvin,Finley,0,0,0,0,0,0,0,0,0,0,0,0,0,0,0,0,0,0,0,1,1,,,,,,,,
Marcus,Fizer,0,0,0,0,0,0,0,0,0,0,0,0,0,0,0,0,0,0,0,1,1,,,,,,,,
Malachi,Flynn,0,0,0,0,0,0,0,0,0,0,0,0,0,0,0,0,0,0,0,1,1,,,,,,,,
Sharrod,Ford,0,0,0,0,0,0,0,0,0,0,0,0,0,0,0,0,0,0,1,0,1,,,,,,,,
T.J.,Ford,0,0,0,0,0,0,0,0,0,0,0,0,0,0,0,0,0,0,0,1,1,,,5.57,,,,,
Danny,Fortson,0,0,0,0,0,0,0,0,0,0,0,0,0,0,0,0,0,0,0,1,1,,,,,,,,
Rick,Fox,0,0,0,0,0,0,0,0,0,0,0,0,0,0,0,0,0,0,0,1,1,,,,,,,,
World B.,Free,0,0,0,0,0,0,0,0,0,0,0,0,1,0,0,0,0,0,0,0,1,20.30,,,,,,,
Markelle,Fultz,0,0,0,0,0,0,0,0,0,0,0,0,0,0,0,0,0,0,1,0,1,,,,,,,,
Daniel,Gafford,0,0,0,0,0,0,0,0,0,0,0,0,0,0,0,0,0,0,1,0,1,,,,,,,,
Francisco,Garcia,0,0,0,0,0,0,0,0,0,0,0,0,0,0,0,0,0,0,0,1,1,,,,,,,,
Dean,Garrett,0,0,0,0,0,0,0,0,0,0,0,0,0,0,0,0,0,0,1,0,1,,,,,,,,
Rudy,Gay,0,0,0,0,0,0,0,0,0,0,0,0,0,0,0,0,0,0,1,0,1,,,,,,,,
Josh,Giddey,0,0,0,0,0,0,0,0,0,0,0,0,0,0,0,0,0,0,1,0,1,,,,,,,,
Shai,Gilgeous-Alexander,0,0,0,0,0,0,0,0,0,0,0,0,0,0,0,0,0,0,1,0,1,,,,,,,,
Armen,Gilliam,0,0,0,0,0,0,0,0,0,0,0,0,0,0,0,0,0,0,1,0,1,,,,,,,,
Herman,Gilliam,0,0,0,0,0,0,0,0,0,0,0,0,1,0,0,0,0,0,0,0,1,,,,,,,,
Artis,Gilmore,0,0,0,0,0,0,0,0,0,0,0,0,0,0,0,1,0,0,0,0,1,,10.10,,,1.90,,60.0,
Freddie,Gilmore,0,0,0,0,0,0,0,0,0,0,0,0,0,0,0,0,0,0,0,1,1,,,,,,,,
Manu,Ginobili,0,0,0,0,0,0,0,0,0,0,0,0,0,0,0,0,0,0,0,1,1,,,,,,,,
Tom,Gola,0,0,0,0,0,0,0,0,0,0,0,0,1,0,0,0,0,0,0,0,1,,,,,,,,
Drew,Gooden,0,0,0,0,0,0,0,0,0,0,0,0,0,0,0,0,0,0,1,0,1,,,,,,,,
Gail,Goodrich,0,0,0,0,0,0,0,0,0,0,0,1,0,0,0,0,0,0,0,0,1,18.60,,,,,,,
Aaron,Gordon,0,0,0,0,0,0,0,0,0,0,0,0,0,0,0,0,0,0,0,1,1,,,,,,,,
Danny,Granger,0,0,0,0,0,0,0,0,0,0,0,0,0,0,0,0,0,0,0,1,1,,,,,,,,
Brian,Grant,0,0,0,0,0,0,0,0,0,0,0,0,0,0,0,0,0,0,1,0,1,,,,,,,,
A.C.,Green,0,0,0,0,0,0,0,0,0,0,0,0,0,0,0,1,0,0,0,0,1,,7.41,,,,,,1278
Draymond,Green,0,0,0,0,0,0,0,0,0,0,0,0,0,0,0,0,0,0,1,0,1,,,,,,,,
Gerald,Green,0,0,0,0,0,0,0,0,0,0,0,0,0,0,0,0,0,0,0,1,1,,,,,,,,
Jalen,Green,0,0,0,0,0,0,0,0,0,0,0,0,0,0,0,0,0,0,1,0,1,,,,,,,,
Rickey,Green,0,0,0,0,0,0,0,0,1,0,0,0,0,0,0,0,0,0,0,0,1,,,5.50,1.40,,,,
David,Greenwood,0,0,0,0,0,0,0,0,0,0,0,0,0,0,0,0,0,0,1,0,1,,,,,,,,
Gary,Gregor,0,0,0,0,0,0,0,0,0,0,0,0,0,0,0,0,0,0,1,0,1,,,,,,,,
Blake,Griffin,0,0,0,0,0,0,0,0,0,0,0,0,0,0,0,0,0,0,1,0,1,20.23,,,,,,,1296
Eddie,Griffin,0,0,0,0,0,0,0,0,0,0,0,0,0,0,0,0,0,0,0,1,1,,,,,,,,
Robert,Gross,0,0,0,0,0,0,0,0,0,0,0,0,0,0,0,1,0,0,0,0,1,,,,,,,,
Tom,Gugliotta,0,0,0,0,0,0,0,0,0,0,0,0,0,0,0,0,0,0,1,0,1,,,,1.38,,,,
Charles,Halbert,0,0,0,0,0,0,0,0,0,0,0,0,1,0,0,0,0,0,0,0,1,,,,,,,,
Tyrese,Haliburton,0,0,0,0,0,0,0,0,0,0,0,0,0,0,0,0,0,0,0,1,1,,,,,,,,
Louie,Hammons,0,0,0,0,0,0,0,0,0,0,0,0,0,0,0,0,0,0,1,0,1,,,,,,,,
Bill,Hanzlik,0,0,0,0,0,0,0,0,0,0,0,0,0,0,0,1,0,0,0,0,1,,,,,,,,
Ron,Harper,0,0,0,0,0,0,0,0,0,0,0,0,0,0,0,0,0,0,1,0,1,,,,1.70,,,,
Matt,Harpring,0,0,0,0,0,0,0,0,0,0,0,0,0,0,0,0,0,0,1,0,1,,,,,,,,
Josh,Hart,0,0,0,0,0,0,0,0,0,0,0,0,0,0,0,0,0,0,1,0,1,,,,,,,,
Arnold,Hasselhoff,0,0,0,0,0,0,0,0,0,0,0,0,0,0,0,0,0,0,1,0,1,,,,,,,,
Cornelius,Hawkins,0,0,0,0,0,0,0,0,0,0,0,1,0,0,0,0,0,0,0,0,1,,,,,,,,
Hersey,Hawkins,0,0,0,0,0,0,0,0,0,0,0,0,0,0,0,0,0,0,1,0,1,,,,1.70,,,,
Gordon,Hayward,0,0,0,0,0,0,0,0,0,0,0,0,0,0,0,0,0,0,1,0,1,21.59,,,,,,,1230
Garfield,Heard,0,0,0,0,0,0,0,0,0,0,0,0,0,0,0,0,0,0,1,0,1,,,,,,,,
Alan,Henderson,0,0,0,0,0,0,0,0,0,0,0,0,0,0,0,0,0,1,0,0,1,,,,,,,,
Cedric E.,Henderson,0,0,0,0,0,0,0,0,0,0,0,0,0,0,0,0,0,0,0,1,1,,,,,,,,
Scoot,Henderson,0,0,0,0,0,0,0,0,0,0,0,0,0,0,0,0,0,0,1,0,1,,,,,,,,
Taylor,Hendricks,0,0,0,0,0,0,0,0,0,0,0,0,0,0,0,0,0,0,1,0,1,,,,,,,,
John,Henson,0,0,0,0,0,0,0,0,0,0,0,0,0,0,0,0,0,0,0,1,1,,,,,,,,
Tyler,Herro,0,0,0,0,0,0,0,0,0,0,0,0,0,0,0,0,0,0,0,1,1,,,,,,,,
Fred,Hetzel,0,0,0,0,0,0,0,0,0,0,0,0,0,0,0,0,0,0,1,0,1,,,,,,,,
Arthur,Heyman,0,0,0,0,0,0,0,0,0,0,0,0,0,0,0,0,0,0,1,0,1,,,,,,,,
Roy,Hibbert,0,0,0,0,0,0,0,0,0,1,0,0,0,0,0,0,0,0,0,0,1,,,,,1.87,,,
J.J.,Hickson,0,0,0,0,0,0,0,0,0,0,0,0,0,0,0,0,0,0,0,1,1,,,,,,,,
Nene,Hilario,0,0,0,0,0,0,0,0,0,0,0,0,0,0,0,0,0,0,0,1,1,,,,,,,54.0,
Lawrence,Hill,0,0,0,0,0,0,0,0,0,0,0,0,0,0,0,0,0,0,1,0,1,,,,,,,,
Douglas,Holcomb,0,0,0,0,0,0,0,0,0,0,0,0,0,0,0,0,0,0,1,0,1,,,,,,,,
Jrue,Holiday,0,0,0,0,0,0,0,0,0,0,0,0,0,0,0,0,0,0,0,1,1,,,,,,,,
DaRon,Holmes II,0,0,0,0,0,0,0,0,0,0,0,0,0,0,0,0,0,0,1,0,1,,,,,,,,
Chet,Holmgren,0,0,0,0,0,0,0,0,0,0,0,0,0,0,0,0,0,0,1,0,1,,,,,,,,
Robert,Horry,0,0,0,0,0,0,0,0,0,0,0,0,0,0,0,0,0,0,0,1,1,,,,,,,,
Bailey,Howell,0,0,0,0,0,0,0,0,0,0,0,0,1,0,0,0,0,0,0,0,1,18.70,9.90,,,,,,
Kris,Humphries,0,0,0,0,0,0,0,0,0,0,0,0,0,0,0,0,0,0,1,0,1,,7.90,,,,,,1230
De'Andre,Hunter,0,0,0,0,0,0,0,0,0,0,0,0,0,0,0,0,0,0,0,1,1,,,,,,,,
Lindsey,Hunter,0,0,0,0,0,0,0,0,0,0,0,0,0,0,0,0,0,0,0,1,1,,,,,,,,
Serge,Ibaka,0,0,0,0,0,0,0,0,0,0,0,0,0,0,0,0,0,0,0,1,1,,,,,1.66,,,
Brandon,Ingram,0,0,0,0,0,0,0,0,0,0,0,0,0,0,0,0,0,0,1,0,1,,,,,,,,
Clark,Irving,0,0,0,0,0,0,0,0,0,0,0,0,0,0,0,0,0,0,0,1,1,,,,,,,,
Jaden,Ivey,0,0,0,0,0,0,0,0,0,0,0,0,0,0,0,0,0,0,1,0,1,,,,,,,,
Bobby,Jackson,0,0,0,0,0,0,0,0,0,0,0,0,0,0,0,0,0,0,0,1,1,,,,,,,,
Luke,Jackson,0,0,0,0,0,0,0,0,0,0,0,0,0,0,0,0,0,0,1,0,1,,8.80,,,,,,
Marc,Jackson,0,0,0,0,0,0,0,0,0,0,0,0,0,0,0,0,0,0,1,0,1,,,,,,,,
Phil,Jackson,0,0,0,0,0,0,0,0,0,0,0,0,0,0,0,0,0,0,1,0,1,,,,,,,,
Antawn,Jamison,0,0,0,0,0,0,0,0,0,0,0,0,0,0,0,0,0,0,0,1,1,18.35,,,,,,,
Richard,Jefferson,0,0,0,0,0,0,0,0,0,0,0,0,0,0,0,0,0,0,0,1,1,,,,,,,,
Brandon,Jennings,0,0,0,0,0,0,0,0,0,0,0,0,0,0,0,0,0,0,1,0,1,,,6.55,,,,,
Pooh,Jeter,0,0,0,0,0,0,0,0,0,0,0,0,0,0,0,0,0,0,0,1,1,,,,,,,,
Joe,Johnson,0,0,0,0,0,0,0,0,0,0,0,0,0,0,0,0,0,0,0,1,1,16.42,,3.95,,,1.83,53.0,1423
Neil,Johnson,0,0,1,0,0,0,0,0,0,0,0,0,1,0,0,0,0,0,0,0,1,,,,,,,,
Wali,Jones,0,0,0,0,0,0,0,0,0,0,0,0,0,0,0,0,0,0,1,0,1,,,,,,,,
Leon,Karl,0,0,0,0,0,0,0,0,0,0,0,0,0,0,0,0,0,0,0,1,1,,,,,,,,
Clark,Kellogg,0,0,0,0,0,0,0,0,0,0,0,0,0,0,0,0,0,0,1,0,1,,,,,,,,
Franklin,Kersey,0,0,0,0,0,0,0,0,0,0,0,0,0,0,0,0,0,0,0,1,1,,,,,1.29,,,
Stacey,King,0,0,0,0,0,0,0,0,0,0,0,0,0,0,0,0,0,0,0,1,1,,,,,,,,
Kerry,Kittles,0,0,0,0,0,0,0,0,0,0,0,0,0,0,0,0,0,0,0,1,1,,,,1.46,,,,
Brevin,Knight,0,0,0,0,0,0,0,0,0,0,0,0,0,0,0,0,0,0,1,0,1,,,5.78,1.37,,,,
Geoffrey,Knight,0,1,1,0,0,0,0,0,0,0,0,0,0,0,0,0,0,0,0,0,1,,,,,,,,
Travis,Knight,0,0,0,0,0,0,0,0,0,0,0,0,0,0,0,0,0,0,0,1,1,,,,,,,,
Howard,Komives,0,0,0,0,0,0,0,0,0,0,0,0,0,0,0,0,0,0,1,0,1,,,,,,,,
Kyle,Korver,0,0,0,0,0,0,0,0,0,0,0,0,0,0,0,0,0,0,0,1,1,,,,,,,,
Jonathan,Kuminga,0,0,0,0,0,0,0,0,0,0,0,0,0,0,0,0,0,0,0,1,1,,,,,,,,
Mitch,Kupchak,0,0,0,0,0,0,0,0,0,0,0,0,0,0,0,0,0,0,1,0,1,,,,,,,52.0,
Kyle,Kuzma,0,0,0,0,0,0,0,0,0,0,0,0,0,0,0,0,0,0,0,1,1,,,,,,,,
Rudy,LaRusso,0,0,0,0,0,0,0,0,0,0,0,0,0,0,0,1,0,0,0,0,1,,,,,,,,
Zach,LaVine,0,0,0,0,0,0,0,0,0,0,0,0,0,0,0,0,0,0,1,0,1,,,,,,,,
Christian,Laettner,0,0,0,0,0,0,0,0,0,0,0,0,0,0,0,0,0,0,1,0,1,,,,,,,,
Bill,Laimbeer,0,0,0,0,0,0,1,0,0,0,0,0,0,0,0,0,0,0,0,0,1,,9.70,,,,,,
Bob,Landry,0,0,0,0,0,0,0,0,0,0,0,0,0,0,0,0,0,0,0,1,1,,,,,,,,
Bob,Lanier,0,0,0,0,0,0,0,0,0,0,0,0,0,0,0,0,0,0,1,0,1,20.10,10.10,,,,,51.0,
Ron,Lee,0,0,0,0,0,0,0,0,1,0,0,0,0,0,0,0,0,0,0,0,1,,,,1.90,,,,
Damian,Lillard,0,0,0,0,0,0,0,0,0,0,0,0,0,0,0,0,0,0,1,0,1,,,,,,,,
Jeremy,Lin,0,0,0,0,0,0,0,0,0,0,0,0,0,0,0,0,0,0,0,1,1,,,,,,,,
Shaun,Livingston,0,0,0,0,0,0,0,0,0,0,0,0,0,0,0,0,0,0,1,0,1,,,6.14,,,,53.0,1346
Kevin,Loder,0,0,0,0,0,0,0,0,0,0,0,0,0,0,0,0,0,0,1,0,1,,,,,,,,
Brook,Lopez,0,0,0,0,0,0,0,0,0,0,0,0,0,0,0,0,0,0,1,0,1,,,,,1.31,,,1203
Clyde,Lovellette,0,0,0,0,0,0,0,0,0,0,0,0,1,0,0,0,0,0,0,0,1,,9.50,,,,,,
Kyle,Lowry,0,0,0,0,0,0,0,0,0,0,0,0,1,0,0,0,0,0,0,0,1,17.63,4.4,8.56,1.19,0.2,2.17,42.3,1398
John,Lucas,0,0,0,0,0,0,0,0,0,0,0,0,0,0,0,0,0,0,1,0,1,,,7.00,1.40,,,,
Trey,Lyles,0,0,0,0,0,0,0,0,0,0,0,0,0,0,0,0,0,0,1,0,1,,,,,,,,
Don,MacLean,0,0,0,0,0,0,0,0,0,0,0,0,0,0,0,0,0,1,0,0,1,,,,,,,,
Mark,Macon,0,0,0,0,0,0,0,0,0,0,0,0,0,0,0,0,0,0,0,1,1,,,,,,,,
Rick,Mahorn,0,0,0,0,0,0,0,0,0,0,0,0,0,0,0,1,0,0,0,0,1,,,,,,,,
Jeff,Malone,0,0,0,0,0,0,0,0,0,0,0,0,0,0,0,0,0,0,1,0,1,19.00,,,,,,,
Matt,Maloney,0,0,0,0,0,0,0,0,0,0,0,0,0,0,0,0,0,0,0,1,1,,,,,,,,
Danny,Manning,0,0,0,0,0,0,0,0,0,0,0,0,0,0,0,0,1,0,0,0,1,,,,,,,,
Jack,Marin,0,0,0,0,0,0,0,0,0,0,0,0,0,0,0,0,0,0,1,0,1,,,,,,,,
Donyell,Marshall,0,0,0,0,0,0,0,0,0,0,0,0,0,0,0,0,0,0,0,1,1,,,,,,,,
Kenyon,Martin,0,0,0,0,0,0,0,0,0,0,0,0,0,0,0,0,0,0,1,0,1,,,,,,,,
Jamal,Mashburn,0,0,0,0,0,0,0,0,0,0,0,0,0,0,0,0,0,0,1,0,1,,,,,,,,
Desmond,Mason,0,0,0,0,0,0,0,0,0,0,0,0,0,0,0,0,0,0,0,1,1,,,,,,,,
Cedric,Maxwell,0,1,1,0,0,0,0,0,0,0,0,0,0,0,0,0,0,0,0,0,1,,,,,,,55.0,
Scott,May,0,0,0,0,0,0,0,0,0,0,0,0,0,0,0,0,0,0,1,0,1,,,,,,,,
O.J.,Mayo,0,0,0,0,0,0,0,0,0,0,0,0,0,0,0,0,0,0,0,1,1,,,,,,,,
Travis,Mays,0,0,0,0,0,0,0,0,0,0,0,0,0,0,0,0,0,0,0,1,1,,,,,,,,
Floyd,McCloud,0,0,0,0,0,0,0,0,0,0,0,0,0,0,0,0,0,0,0,1,1,,,,,,,,
Brook,McGuire,0,0,0,0,0,0,0,0,0,0,0,0,0,0,0,0,0,0,1,0,1,,,,,,,,
Richard,McGuire,0,0,0,0,0,0,0,0,0,0,0,0,1,0,0,0,0,0,0,0,1,,,,,,,,
Aaron,McKie,0,0,0,0,0,0,0,0,0,0,0,0,0,0,0,0,1,0,0,0,1,,,,,,,,
Xavier,Mcdaniel,0,0,0,0,0,0,0,0,0,0,0,0,0,0,0,0,0,0,1,0,1,,,,,,,,
Monk,Meineke,0,0,0,0,1,0,0,0,0,0,0,0,0,0,0,0,0,0,0,0,1,,,,,,,,
Ron,Mercer,0,0,0,0,0,0,0,0,0,0,0,0,0,0,0,0,0,0,1,0,1,,,,,,,,
Joe,Meriweather,0,0,0,0,0,0,0,0,0,0,0,0,0,0,0,0,0,0,1,0,1,,,,,,,,
Khris,Middleton,0,0,0,0,0,0,0,0,0,0,0,0,0,0,0,0,0,0,0,1,1,,,,,,,,
Chris,Mihm,0,0,0,0,0,0,0,0,0,0,0,0,0,0,0,0,0,0,0,1,1,,,,,,,,
Darius,Miles,0,0,0,0,0,0,0,0,0,0,0,0,0,0,0,0,0,0,1,0,1,,,,,,,,
Brandon,Miller,0,0,0,0,0,0,0,0,0,0,0,0,0,0,0,0,0,0,1,0,1,,,,,,,,
Paul,Millsap,0,0,0,0,0,0,0,0,0,0,0,0,0,0,0,0,0,0,1,0,1,,9.50,,,,,54.0,
Donovan,Mitchell,0,0,0,0,0,0,0,0,0,0,0,0,0,0,0,0,0,0,0,1,1,,,,,,,,
Cuttino,Mobley,0,0,0,0,0,0,0,0,0,0,0,0,0,0,0,0,0,0,0,1,1,,,,,,,,
Eric,Montross,0,0,0,0,0,0,0,0,0,0,0,0,0,0,0,0,0,0,0,1,1,,,,,,,,
Johnny,Moore,0,0,0,0,0,0,0,1,0,0,0,0,0,0,0,0,0,0,0,0,1,,,7.40,2.00,,,,
Chris,Morris,0,0,0,0,0,0,0,0,0,0,0,0,0,0,0,0,0,0,0,1,1,,,,,,,,
Emmanuel,Mudiay,0,0,0,0,0,0,0,0,0,0,0,0,0,0,0,0,0,0,0,1,1,,,,,,,,
Erwin,Mueller,0,0,0,0,0,0,0,0,0,0,0,0,0,0,0,0,0,0,1,0,1,,,,,,,,
Gheorghe,Muresan,0,0,0,0,0,0,0,0,0,0,0,0,0,0,0,0,0,1,0,0,1,,,,,,,,
Calvin,Murphy,0,0,0,0,0,0,0,0,0,0,0,0,0,0,0,0,0,0,1,0,1,,,,,,,,
Swen,Nater,0,0,0,0,0,0,1,0,0,0,0,0,0,0,0,0,0,0,0,0,1,,10.80,,,,,54.0,
Calvin,Natt,0,0,0,0,0,0,0,0,0,0,0,0,0,0,0,0,0,0,1,0,1,,,,,,,53.0,
Lloyd,Neal,0,0,0,0,0,0,0,0,0,0,0,0,0,0,0,0,0,0,1,0,1,,,,,,,,
Jamie,Newman,0,0,0,0,0,0,0,0,0,0,0,0,0,0,0,0,0,1,0,0,1,,,,,,,,
Norm,Nixon,0,0,1,0,0,0,0,0,0,0,1,0,0,0,0,0,0,0,0,0,1,,,8.30,1.50,,,,
Norman,Nixon,0,0,0,0,0,0,0,0,0,0,0,0,0,0,0,0,0,0,1,0,1,,,,,,,,
Royce,O'Neale,0,0,0,0,0,0,0,0,0,0,0,0,0,0,0,0,0,0,0,1,1,,,,,,,,
Lamar,Odom,0,0,0,0,0,0,0,0,0,0,0,0,0,0,0,0,0,0,1,0,1,,,,,,,,
Emeka,Okafor,0,0,0,0,0,0,0,0,0,0,0,0,0,0,0,0,0,0,1,0,1,,,,,1.37,,,
Jahlil,Okafor,0,0,0,0,0,0,0,0,0,0,0,0,0,0,0,0,0,0,0,1,1,,,,,,,,
Isaac,Okoro,0,0,0,0,0,0,0,0,0,0,0,0,0,0,0,0,0,0,0,1,1,,,,,,,,
Travis,Oliver,0,0,0,0,0,0,0,0,0,0,0,0,0,0,0,0,0,1,0,0,1,,,,,,,64.0,
Michael,Olowokandi,0,0,0,0,0,0,0,0,0,0,0,0,0,0,0,0,0,0,0,1,1,,,,,1.31,,,
Billy,Owens,0,0,0,0,0,0,0,0,0,0,0,0,0,0,0,0,0,0,1,0,1,,,,,,,,
Tony,Parker,0,0,0,0,0,0,0,0,0,0,0,0,0,0,0,0,0,0,1,0,1,17.06,2.7,7.93,0.88,0.1,2.04,49.1,1714
Nikola,Pekovic,0,0,0,0,0,0,0,0,0,0,0,0,0,0,0,0,1,0,0,0,1,,,,,,,,
Sam,Perkins,0,0,0,0,0,0,0,0,0,0,0,0,0,0,0,0,0,0,1,0,1,,,,,,,,1286
Wesley,Person,0,0,0,0,0,0,0,0,0,0,0,0,0,0,0,0,0,0,0,1,1,,,,,,,,
Morris,Peterson,0,0,0,0,0,0,0,0,0,0,0,0,0,0,0,0,0,0,1,0,1,,,,,,,,
Drazen,Petrovic,0,0,0,0,0,0,0,0,0,0,0,0,0,1,0,0,0,0,0,0,1,,,,,,,,
Bobby,Phills,0,0,0,0,0,0,0,0,0,0,0,0,0,0,0,1,0,0,0,0,1,,,,,,,,
Otto,Porter,0,0,0,0,0,0,0,0,0,0,0,0,0,0,0,0,0,0,0,1,1,,,,,,,,
Kevin,Porter Jr.,0,0,0,0,0,0,0,0,0,0,0,0,0,0,0,0,0,1,0,0,1,,,,,,,,
James,Posey,0,0,0,0,0,0,0,0,0,0,0,0,0,0,0,0,0,0,0,1,1,,,,,,,,
Olivier-Maxence,Prosper,0,0,0,0,0,0,0,0,0,0,0,0,0,0,0,0,0,0,0,1,1,,,,,,,,
Dino,Radja,0,0,0,0,0,0,0,0,0,0,0,0,0,0,0,0,0,0,0,1,1,,,,,,,,
Vladimir,Radmanovic,0,0,0,0,0,0,0,0,0,0,0,0,0,0,0,0,0,0,0,1,1,,,,,,,,
Zach,Randolph,0,0,0,0,0,0,0,0,0,0,0,0,0,1,0,0,0,0,0,0,1,16.93,10.79,,,,1.69,,1433
Kelvin,Ransey,0,0,0,0,0,0,0,0,0,0,0,0,0,0,0,0,0,0,1,0,1,,,,,,,,
Clifford,Ray,0,0,0,0,0,0,0,0,0,0,0,0,0,0,0,0,0,0,1,0,1,,8.90,,,,,52.0,
Zeljko,Rebraca,0,0,0,0,0,0,0,0,0,0,0,0,0,0,0,0,0,0,0,1,1,,,,,,,,
Quincy,Redd,0,0,0,0,0,0,0,0,0,0,0,0,0,0,0,0,0,0,1,0,1,,,,,,,,
David,Reece,0,0,0,0,0,0,0,0,0,0,0,0,0,0,0,0,0,0,0,1,1,,,,,,,,
Bryant,Reeves,0,0,0,0,0,0,0,0,0,0,0,0,0,0,0,0,0,0,0,1,1,,,,,,,,
J.R.,Reid,0,0,0,0,0,0,0,0,0,0,0,0,0,0,0,0,0,0,0,1,1,,,,,,,,
Pooh,Richardson,0,0,0,0,0,0,0,0,0,0,0,0,0,0,0,0,0,0,1,0,1,,,6.50,,,,,
Isaiah,Rider,0,0,0,0,0,0,0,0,0,0,0,0,0,0,0,0,0,0,1,0,1,,,,,,,,
Michael,Riordan,0,0,0,0,0,0,0,0,0,0,0,0,0,0,0,1,0,0,0,0,1,,,,,,,,
Arnie,Risen,0,0,0,0,0,0,0,0,0,0,0,0,1,0,0,0,0,0,0,0,1,,8.70,,,,,,
Stanley,Roberts,0,0,0,0,0,0,0,0,0,0,0,0,0,0,0,0,0,0,0,1,1,,,,,,,,
Rick,Robey,0,0,0,0,0,0,0,0,0,0,0,1,0,0,0,0,0,0,0,0,1,,,,,,,,
Clifford,Robinson,0,0,0,0,0,0,0,0,0,0,0,0,0,0,0,1,0,0,0,0,1,,,,,,,,
Glenn,Robinson,0,0,0,0,0,0,0,0,0,0,0,0,0,0,0,0,0,0,1,0,1,19.52,,,,,,,
Glenn,Robinson III,0,0,0,0,0,0,0,0,0,0,0,0,0,0,0,0,0,0,1,0,1,,,,,,,,
Jeremiah,Robinson-Earl,0,0,0,0,0,0,0,0,0,0,0,0,0,0,0,0,0,0,0,1,1,,,,,,,,
Abraham,Rodman,0,0,0,0,0,0,0,0,0,0,0,0,0,0,0,0,0,0,0,1,1,,,,,,,,
Rodney,Rogers,0,0,0,0,0,0,0,0,0,0,0,0,0,0,0,0,1,0,0,0,1,,,,,,,,
Rajon,Rondo,0,0,0,0,0,0,0,0,0,0,0,0,0,0,0,0,0,0,0,1,1,,,6.45,1.49,,,,
John,Rudd,0,0,0,0,0,0,0,0,0,0,0,0,0,0,0,0,0,0,1,0,1,,,,,,,,
Cazzie,Russell,0,0,0,0,0,0,0,0,0,0,0,0,0,0,0,0,0,0,1,0,1,,,,,,,,
D'Angelo,Russell,0,0,0,0,0,0,0,0,0,0,0,0,1,0,0,0,0,0,0,0,1,,,,,,,,
Arvydas,Sabonis,0,0,0,0,0,0,0,0,0,0,0,0,0,0,0,0,0,0,1,0,1,,,,,,,,
Domantas,Sabonis,0,0,0,0,0,0,0,0,0,0,0,0,0,0,0,0,0,0,0,1,1,,,,,,,,
Edward,Sadowski,0,0,0,0,0,0,0,0,0,0,0,1,0,0,0,0,0,0,0,0,1,,,,,,,,
Kenneth,Sailors,0,0,0,0,0,0,0,0,0,0,0,0,1,0,0,0,0,0,0,0,1,,,,,,,,
Thomas,Sanders,0,0,1,0,0,0,0,0,0,0,0,0,0,0,0,1,0,0,0,0,1,,,,,,,,
Dario,Saric,0,0,0,0,0,0,0,0,0,0,0,0,0,0,0,0,0,0,0,1,1,,,,,,,,
Woody,Sauldsberry,0,0,0,0,1,0,0,0,0,0,0,0,0,0,0,0,0,0,0,0,1,,,,,,,,
Fred,Schaus,0,0,0,0,0,0,0,0,0,0,0,0,1,0,0,0,0,0,0,0,1,,,,,,,,
Dennis,Schroder,0,0,0,0,0,0,0,0,0,0,0,0,0,0,0,0,0,0,1,0,1,,,,,,,,
Byron,Scott,0,0,0,0,0,0,0,0,0,0,0,0,0,0,0,0,0,0,1,0,1,,,,,,,,
Dennis,Scott,0,0,0,0,0,0,0,0,0,0,0,0,0,0,0,0,0,0,1,0,1,,,,,,,,
Rony,Seikaly,0,0,0,0,0,0,0,0,0,0,0,0,0,0,0,0,0,1,0,0,1,,9.50,,,1.30,,,
Alperen,Sengun,0,0,0,0,0,0,0,0,0,0,0,0,0,0,0,0,0,0,0,1,1,,,,,,,,
Shaedon,Sharpe,0,0,0,0,0,0,0,0,0,0,0,0,0,0,0,0,0,0,0,1,1,,,,,,,,
Brian,Shaw,0,0,0,0,0,0,0,0,0,0,0,0,0,0,0,0,0,0,0,1,1,,,,,,,,
Lonnie,Shelton,0,0,0,0,0,0,0,0,0,0,0,0,0,0,0,1,0,0,0,0,1,,,,,,,,
John,Shumate,0,0,0,0,0,0,0,0,0,0,0,0,0,0,0,0,0,0,1,0,1,,,,,,,,
Pascal,Siakam,0,0,0,0,0,0,0,0,0,0,0,0,0,0,0,0,0,0,0,1,1,,,,,,,,
Lionel,Simmons,0,0,0,0,0,0,0,0,0,0,0,0,0,0,0,0,0,0,1,0,1,,,,,,,,
Conrad,Sims,0,0,0,0,0,0,0,0,0,0,0,0,0,0,0,0,0,0,1,0,1,,,,,,,,
Cody,Singletary,0,0,0,0,0,0,0,0,0,0,0,0,0,0,0,0,1,0,0,0,1,,,,,,,,
Scott,Skiles,0,0,0,0,0,0,0,0,0,0,0,0,0,0,0,0,0,1,0,0,1,,,6.50,,,,,
Marcus,Smart,0,0,0,0,0,0,0,0,0,0,0,0,0,0,0,0,0,0,0,1,1,,,,,,,,
Charles,Smith,0,0,0,0,0,0,0,0,0,0,0,0,0,0,0,0,0,0,1,0,1,,,,,,,,
Edward,Smith,0,0,0,0,0,0,0,0,0,0,0,0,1,0,0,0,0,0,0,0,1,,,,,,,,
J.R.,Smith,0,0,0,0,0,0,0,0,0,0,0,0,0,0,0,0,0,0,0,1,1,18.70,,4.56,1.10,,1.99,54.0,1345
Joe,Smith,0,0,0,0,0,0,0,0,0,0,0,0,0,0,0,0,0,0,1,0,1,,,,,,,,
Josh,Smith,0,0,0,0,0,0,0,0,0,0,0,0,0,0,0,0,0,0,0,1,1,,,,,1.24,,52.0,
Kenny,Smith,0,0,0,0,0,0,0,0,0,0,0,0,0,0,0,0,0,0,1,0,1,,,5.50,,,,,
Larry,Smith,0,0,0,0,0,0,0,0,0,0,0,0,0,0,0,0,0,0,1,0,1,,9.20,,,,,53.0,
Steve,Smith,0,0,0,0,0,0,0,0,0,0,0,0,0,0,0,0,0,0,1,0,1,,,,,,,,
Rik,Smits,0,0,0,0,0,0,0,0,0,0,0,0,0,0,0,0,0,0,1,0,1,,,,,1.30,,,
Christophe,Sonnet,0,0,0,0,0,0,0,0,0,0,0,0,0,0,0,0,1,0,0,0,1,,,5.80,,,,,
Felton,Spencer,0,0,0,0,0,0,0,0,0,0,0,0,0,0,0,0,0,0,0,1,1,,,,,,,,
Jerry,Stackhouse,0,0,0,0,0,0,0,0,0,0,0,0,0,0,0,0,0,0,1,0,1,20.01,,,,,,,
Larry,Steele,0,0,0,0,0,0,0,0,1,0,0,0,0,0,0,0,0,0,0,0,1,,,,1.40,,,,
Larry,Stewart,0,0,0,0,0,0,0,0,0,0,0,0,0,0,0,0,0,0,0,1,1,,,,,,,,
Stephen,Stipanovich,0,0,0,0,0,0,0,0,0,0,0,0,0,0,0,0,0,0,1,0,1,,,,,,,,
Rodney,Stuckey,0,0,0,0,0,0,0,0,0,0,0,0,0,0,0,0,0,0,1,0,1,,,,,,,,
Pape,Sy,0,0,0,0,0,0,0,0,0,0,0,0,0,0,0,0,0,1,0,0,1,,,,,,,,
Wally,Szczerbiak,0,0,0,0,0,0,0,0,0,0,0,0,0,0,0,0,0,0,1,0,1,16.20,,,,,,,1224
Jae'Sean,Tate,0,0,0,0,0,0,0,0,0,0,0,0,0,0,0,0,0,0,0,1,1,,,,,,,,
Brian,Taylor,0,0,0,0,0,0,0,0,0,0,0,0,0,0,0,1,0,0,0,0,1,,,,,,,,
Maurice,Taylor,0,0,0,0,0,0,0,0,0,0,0,0,0,0,0,0,0,0,0,1,1,,,,,,,,
Jeff,Teague,0,0,0,0,0,0,0,0,0,0,0,0,0,0,0,0,0,0,0,1,1,,,5.52,,,,,
Jason,Terry,0,0,0,0,0,0,0,0,0,0,0,0,0,0,0,0,0,0,0,1,1,19.09,,6.39,1.17,,2.38,52.0,1305
Daniel,Theis,0,0,0,0,0,0,0,0,0,0,0,0,0,0,0,0,0,0,0,1,1,,,,,,,,
Gabe,Theus,0,0,0,0,0,0,0,0,0,0,0,0,0,0,0,0,0,0,1,0,1,,,,,1.42,,,
Reggie,Theus,0,0,0,0,0,0,0,0,0,0,0,0,0,0,0,0,0,0,1,0,1,18.50,,6.30,,,,,
Tim,Thomas,0,0,0,0,0,0,0,0,0,0,0,0,0,0,0,0,0,0,0,1,1,,,,,,,,1341
Amen,Thompson,0,0,0,0,0,0,0,0,0,0,0,0,0,0,0,0,0,0,1,0,1,,,,,,,,
Mychal,Thompson,0,0,0,0,0,0,0,0,0,0,0,0,0,0,0,0,0,0,1,0,1,,,,,,,,
Rod,Thorn,0,0,0,0,0,0,0,0,0,0,0,0,0,0,0,0,0,0,1,0,1,,,,,,,,
Al,Thornton,0,0,0,0,0,0,0,0,0,0,0,0,0,0,0,0,0,0,0,1,1,,,,,,,52.0,
Matisse,Thybulle,0,0,0,0,0,0,0,0,0,0,0,0,0,0,0,0,0,0,0,1,1,,,,,,,,
Jamaal,Tinsley,0,0,0,0,0,0,0,0,0,0,0,0,0,0,0,0,0,0,0,1,1,,,6.31,1.35,,,,
Yuri,Titov,0,0,0,0,0,0,0,0,0,0,0,0,0,0,0,0,0,0,1,0,1,,,,,,,,
Raymond,Townsend,0,0,0,0,0,0,0,0,0,0,0,0,0,0,0,0,0,0,1,0,1,,,,,,,,
Richard,Triptow,0,0,0,0,0,0,0,0,0,0,0,0,0,0,0,0,0,0,1,0,1,,,,,,,,
Kelly,Tripucka,0,0,0,0,0,0,0,0,0,0,1,0,0,0,0,0,0,0,0,0,1,,,,,,,,
Hedo,Turkoglu,0,0,0,0,0,0,0,0,0,0,0,0,0,0,0,0,0,0,0,1,1,,,,,,,,
Evan,Turner,0,0,0,0,0,0,0,0,0,0,0,0,0,0,0,0,0,0,0,1,1,,,,,,,,
Terry,Tyler,0,0,0,0,0,0,0,0,0,0,0,0,0,0,0,0,0,0,1,0,1,,,,,1.50,,,
Beno,Udrih,0,0,0,0,0,0,0,0,0,0,0,0,0,0,0,0,0,0,0,1,1,,,,,,,,
Thomas,Van Arsdale,0,0,0,0,0,0,0,0,0,0,0,0,0,0,0,0,0,0,1,0,1,,,,,,,,
Nick,Van Exel,0,0,0,0,0,0,0,0,0,0,0,0,0,0,0,0,0,0,0,1,1,,,6.37,,,,,
Keith,Van Horn,0,0,0,0,0,0,0,0,0,0,0,0,0,0,0,0,0,0,1,0,1,,,,,,,,
Norm,Van Lier,0,0,0,0,0,0,0,1,0,0,0,0,0,0,0,0,0,0,0,0,1,,,7.00,,,,,
Anderson,Varejao,0,0,0,0,0,0,0,0,0,0,0,0,0,0,0,0,0,0,0,1,1,,,,,,,,
Jay,Vincent,0,0,0,0,0,0,0,0,0,0,0,0,0,0,0,0,0,0,1,0,1,,,,,,,,
Danny,Vranes,0,0,0,0,0,0,0,0,0,0,0,0,0,0,0,1,0,0,0,0,1,,,,,,,,
Nikola,Vucevic,0,0,1,0,0,0,0,0,0,0,0,0,0,0,0,0,0,0,0,1,1,,,,,,,,
Sasha,Vujacic,0,0,0,0,0,0,0,0,0,0,0,0,0,0,0,0,0,1,0,0,1,,,,,,,,
Dajuan,Wagner,0,0,0,0,0,0,0,0,0,0,0,0,0,0,0,0,0,0,0,1,1,,,4.84,,,,,1202
Franz,Wagner,0,0,0,0,0,0,0,0,0,0,0,0,0,0,0,0,0,0,0,1,1,,,,,,,,
Milt,Wagner,0,0,0,0,0,0,0,0,0,0,0,0,0,0,0,0,0,0,1,0,1,,,,,,,,
Antoine,Walker,0,0,0,0,0,0,0,0,0,0,0,0,0,0,0,0,0,0,1,0,1,19.14,,,,,,,
Darrell,Walker,0,0,0,0,0,0,0,0,0,0,0,0,0,0,0,0,0,0,1,0,1,,,,1.50,,,,
Rasheed,Wallace,0,0,0,0,0,0,0,0,0,0,0,0,0,0,0,0,0,0,0,1,1,,,,,,,,
P.J.,Washington,0,0,0,0,0,0,0,0,0,0,0,0,0,0,0,0,0,0,0,1,1,,,,,,,,
Stanley,Washington,0,0,0,0,0,0,0,0,0,0,0,0,0,0,1,0,0,0,0,0,1,,,,,,,,
Clarence,Weatherspoon,0,0,0,0,0,0,0,0,0,0,0,0,0,0,0,0,0,0,0,1,1,,,,,,,,
Nick,Weatherspoon,0,0,0,0,0,0,0,0,0,0,0,0,0,0,0,0,0,0,1,0,1,,,,,,,,
David,West,0,0,0,0,0,0,0,0,0,0,0,0,0,0,0,0,0,0,0,1,1,,,,,,,,
Coby,White,0,0,0,0,0,0,0,0,0,0,0,0,0,0,0,0,0,0,1,0,1,,,,,,,,
Jo Jo,White,0,1,1,0,0,0,0,0,0,0,0,0,0,0,0,0,0,0,0,0,1,,,,,,,,
Dariq,Whitehead,0,0,0,0,0,0,0,0,0,0,0,0,0,0,0,0,0,0,0,1,1,,,,,,,,
Hassan,Whiteside,0,0,0,0,0,0,0,0,0,0,0,0,0,0,0,0,0,0,1,0,1,,,,,,,,
Andrew,Wiggins,0,0,0,0,0,0,0,0,0,0,0,0,0,0,0,0,0,0,0,1,1,,,,,,,,
Lenny,Wilkens,0,0,0,0,0,0,0,1,0,0,0,0,0,0,0,0,0,0,0,0,1,,,6.70,,,,,
Deron,Williams,0,0,0,0,0,0,0,0,0,0,0,0,0,0,0,0,0,0,0,1,1,,,6.63,,,,,
Jason,Williams,0,0,0,0,0,0,0,0,0,0,0,0,0,0,0,0,0,0,1,0,1,,,8.05,,,,,
Jay,Williams,0,0,0,0,0,0,0,0,0,0,0,0,0,0,0,0,0,0,0,1,1,,,,,,,,
John,Williams,0,0,0,0,0,0,0,0,0,0,0,0,0,0,0,0,0,0,1,0,1,,,,,,,,
Louis,Williams,0,0,0,0,0,0,0,0,0,0,0,0,0,0,0,0,0,0,1,0,1,,,4.84,,,2.07,,1201
Marvin,Williams,0,0,0,0,0,0,0,0,0,0,0,0,0,0,0,0,0,0,1,0,1,,,,,,,,
Micheal,Williams,0,0,0,0,0,0,0,0,0,0,0,0,0,0,0,1,0,0,0,0,1,,,5.80,1.70,,,,
Walt,Williams,0,0,0,0,0,0,0,0,0,0,0,0,0,0,0,0,0,0,0,1,1,,,,,,,,
Corliss,Williamson,0,0,0,0,0,0,0,0,0,0,0,0,0,0,0,0,1,0,0,0,1,,,,,,,,
Kevin,Willis,0,0,0,0,0,0,0,0,0,0,0,0,0,1,0,0,0,0,0,0,1,,8.77,,,,1.82,,1340
Brian,Winters,0,0,0,0,0,0,0,0,0,0,0,0,0,0,0,0,0,0,1,0,1,,,,,,,,
Sharone,Wright,0,0,0,0,0,0,0,0,0,0,0,0,0,0,0,0,0,0,0,1,1,,,,,,,,
Geraldo,Wright-Foreman,0,0,0,0,0,0,0,0,0,0,0,0,0,0,0,0,0,0,1,0,1,,,,,,,,
Jianlian,Yi,0,0,0,0,0,0,0,0,0,0,0,0,0,0,0,0,0,0,0,1,1,,,,,,,,
Lenny,York,0,0,0,0,0,0,0,0,0,0,0,0,0,0,0,0,0,0,0,1,1,,,,,,,,
Nick,Young,0,0,0,0,0,0,0,0,0,0,0,0,0,0,0,0,0,0,0,1,1,,,,,,,54.0,
Cody,Zeller,0,0,0,0,0,0,0,0,0,0,0,0,0,0,0,0,0,0,1,0,1,,,,,,,,
Ivica,Zubac,0,0,0,0,0,0,0,0,0,0,0,0,0,0,0,0,0,0,0,1,1,,,,,,,,
